{"type": "FeatureCollection", "features": [{"type": "Feature", "id": "19498fb53d0a0bd6", "geometry": {"type": "Point", "coordinates": [-71.794, -32.828]}, "properties": {"id": "19498fb53d0a0bd6", "fecha": "31/05/2026", "hora": "18:34:00", "latitud": -32.828, "longitud": -71.794, "profundidad": 23.0, "magnitud": 6.0, "sentido": "Si", "ubicacion_original": "CHILE", "ubicacion_normalizada": "Chile", "provincia": null, "provincias": [], "pais": "Chile", "tipo_ubicacion": "extranjero", "es_argentina": false, "es_limite": false}}, {"type": "Feature", "id": "084cb6f0741b8836", "geometry": {"type": "Point", "coordinates": [-68.785, -22.452]}, "properties": {"id": "084cb6f0741b8836", "fecha": "25/05/2026", "hora": "18:52:00", "latitud": -22.452, "longitud": -68.785, "profundidad": 112.0, "magnitud": 6.6, "sentido": "No", "ubicacion_original": "CHILE", "ubicacion_normalizada": "Chile", "provincia": null, "provincias": [], "pais": "Chile", "tipo_ubicacion": "extranjero", "es_argentina": false, "es_limite": false}}, {"type": "Feature", "id": "12cb0e6f8da7a10c", "geometry": {"type": "Point", "coordinates": [-71.692, -28.71]}, "properties": {"id": "12cb0e6f8da7a10c", "fecha": "13/03/2026", "hora": "10:39:00", "latitud": -28.71, "longitud": -71.692, "profundidad": 27.0, "magnitud": 6.5, "sentido": "Si", "ubicacion_original": "OCEANO PACIFICO", "ubicacion_normalizada": "Océano Pacífico", "provincia": null, "provincias": [], "pais": "Océano Pacífico", "tipo_ubicacion": "oceano", "es_argentina": false, "es_limite": false}}, {"type": "Feature", "id": "a24c24f81f5f05cf", "geometry": {"type": "Point", "coordinates": [-71.655, -30.771]}, "properties": {"id": "a24c24f81f5f05cf", "fecha": "12/02/2026", "hora": "10:34:00", "latitud": -30.771, "longitud": -71.655, "profundidad": 29.0, "magnitud": 6.1, "sentido": "Si", "ubicacion_original": "CHILE", "ubicacion_normalizada": "Chile", "provincia": null, "provincias": [], "pais": "Chile", "tipo_ubicacion": "extranjero", "es_argentina": false, "es_limite": false}}, {"type": "Feature", "id": "20d821c6809a4212", "geometry": {"type": "Point", "coordinates": [-70.802, -26.63]}, "properties": {"id": "20d821c6809a4212", "fecha": "06/06/2025", "hora": "14:15:00", "latitud": -26.63, "longitud": -70.802, "profundidad": 122.0, "magnitud": 6.4, "sentido": "Si", "ubicacion_original": "CHILE", "ubicacion_normalizada": "Chile", "provincia": null, "provincias": [], "pais": "Chile", "tipo_ubicacion": "extranjero", "es_argentina": false, "es_limite": false}}, {"type": "Feature", "id": "461a89d4f443a71e", "geometry": {"type": "Point", "coordinates": [-67.424, -57.15]}, "properties": {"id": "461a89d4f443a71e", "fecha": "02/05/2025", "hora": "14:59:00", "latitud": -57.15, "longitud": -67.424, "profundidad": 9.0, "magnitud": 6.4, "sentido": "Si", "ubicacion_original": "TFAIAS", "ubicacion_normalizada": "Tierra del Fuego, Antártida e Islas del Atlántico Sur", "provincia": "Tierra del Fuego, Antártida e Islas del Atlántico Sur", "provincias": ["Tierra del Fuego, Antártida e Islas del Atlántico Sur"], "pais": "Argentina", "tipo_ubicacion": "provincia", "es_argentina": true, "es_limite": false}}, {"type": "Feature", "id": "9eeab58e23b4c175", "geometry": {"type": "Point", "coordinates": [-68.768, -56.86]}, "properties": {"id": "9eeab58e23b4c175", "fecha": "02/05/2025", "hora": "09:58:00", "latitud": -56.86, "longitud": -68.768, "profundidad": 10.0, "magnitud": 7.4, "sentido": "Si", "ubicacion_original": "TFAIAS", "ubicacion_normalizada": "Tierra del Fuego, Antártida e Islas del Atlántico Sur", "provincia": "Tierra del Fuego, Antártida e Islas del Atlántico Sur", "provincias": ["Tierra del Fuego, Antártida e Islas del Atlántico Sur"], "pais": "Argentina", "tipo_ubicacion": "provincia", "es_argentina": true, "es_limite": false}}, {"type": "Feature", "id": "63d74f9075a106bc", "geometry": {"type": "Point", "coordinates": [-69.078, -21.706]}, "properties": {"id": "63d74f9075a106bc", "fecha": "02/01/2025", "hora": "17:43:00", "latitud": -21.706, "longitud": -69.078, "profundidad": 100.0, "magnitud": 6.1, "sentido": "No", "ubicacion_original": "CHILE", "ubicacion_normalizada": "Chile", "provincia": null, "provincias": [], "pais": "Chile", "tipo_ubicacion": "extranjero", "es_argentina": false, "es_limite": false}}, {"type": "Feature", "id": "64f5f7935945a1a3", "geometry": {"type": "Point", "coordinates": [-70.991, -35.35]}, "properties": {"id": "64f5f7935945a1a3", "fecha": "13/12/2024", "hora": "20:38:00", "latitud": -35.35, "longitud": -70.991, "profundidad": 127.0, "magnitud": 6.2, "sentido": "Si", "ubicacion_original": "CHILE", "ubicacion_normalizada": "Chile", "provincia": null, "provincias": [], "pais": "Chile", "tipo_ubicacion": "extranjero", "es_argentina": false, "es_limite": false}}, {"type": "Feature", "id": "30f7519ed0a42221", "geometry": {"type": "Point", "coordinates": [-66.913, -31.941]}, "properties": {"id": "30f7519ed0a42221", "fecha": "21/09/2024", "hora": "18:24:28", "latitud": -31.941, "longitud": -66.913, "profundidad": 150.0, "magnitud": 6.0, "sentido": "Si", "ubicacion_original": "SAN LUIS", "ubicacion_normalizada": "San Luis", "provincia": "San Luis", "provincias": ["San Luis"], "pais": "Argentina", "tipo_ubicacion": "provincia", "es_argentina": true, "es_limite": false}}, {"type": "Feature", "id": "a924f346597d37e3", "geometry": {"type": "Point", "coordinates": [-68.053, -23.074]}, "properties": {"id": "a924f346597d37e3", "fecha": "18/07/2024", "hora": "22:50:47", "latitud": -23.074, "longitud": -68.053, "profundidad": 141.0, "magnitud": 6.8, "sentido": "Si", "ubicacion_original": "CHILE", "ubicacion_normalizada": "Chile", "provincia": null, "provincias": [], "pais": "Chile", "tipo_ubicacion": "extranjero", "es_argentina": false, "es_limite": false}}, {"type": "Feature", "id": "c87b0ade5af8a01d", "geometry": {"type": "Point", "coordinates": [-71.463, -28.723]}, "properties": {"id": "c87b0ade5af8a01d", "fecha": "13/02/2024", "hora": "22:31:40", "latitud": -28.723, "longitud": -71.463, "profundidad": 21.0, "magnitud": 6.0, "sentido": "Si", "ubicacion_original": "CHILE", "ubicacion_normalizada": "Chile", "provincia": null, "provincias": [], "pais": "Chile", "tipo_ubicacion": "extranjero", "es_argentina": false, "es_limite": false}}, {"type": "Feature", "id": "f2793452bef11c33", "geometry": {"type": "Point", "coordinates": [-71.568, -28.726]}, "properties": {"id": "f2793452bef11c33", "fecha": "31/10/2023", "hora": "09:33:42", "latitud": -28.726, "longitud": -71.568, "profundidad": 29.0, "magnitud": 6.8, "sentido": "Si", "ubicacion_original": "CHILE", "ubicacion_normalizada": "Chile", "provincia": null, "provincias": [], "pais": "Chile", "tipo_ubicacion": "extranjero", "es_argentina": false, "es_limite": false}}, {"type": "Feature", "id": "e82fa1a270949737", "geometry": {"type": "Point", "coordinates": [-71.826, -27.261]}, "properties": {"id": "e82fa1a270949737", "fecha": "15/09/2023", "hora": "15:07:36", "latitud": -27.261, "longitud": -71.826, "profundidad": 12.0, "magnitud": 6.0, "sentido": "No", "ubicacion_original": "OCEANO PACIFICO", "ubicacion_normalizada": "Océano Pacífico", "provincia": null, "provincias": [], "pais": "Océano Pacífico", "tipo_ubicacion": "oceano", "es_argentina": false, "es_limite": false}}, {"type": "Feature", "id": "181482feeb2194ed", "geometry": {"type": "Point", "coordinates": [-71.803, -30.24]}, "properties": {"id": "181482feeb2194ed", "fecha": "06/09/2023", "hora": "20:48:01", "latitud": -30.24, "longitud": -71.803, "profundidad": 26.0, "magnitud": 6.2, "sentido": "Si", "ubicacion_original": "CHILE", "ubicacion_normalizada": "Chile", "provincia": null, "provincias": [], "pais": "Chile", "tipo_ubicacion": "extranjero", "es_argentina": false, "es_limite": false}}, {"type": "Feature", "id": "a871bab45a0115c9", "geometry": {"type": "Point", "coordinates": [-63.266, -28.35]}, "properties": {"id": "a871bab45a0115c9", "fecha": "05/08/2023", "hora": "04:19:59", "latitud": -28.35, "longitud": -63.266, "profundidad": 635.0, "magnitud": 6.1, "sentido": "Si", "ubicacion_original": "SANTIAGO DEL ESTERO", "ubicacion_normalizada": "Santiago del Estero", "provincia": "Santiago del Estero", "provincias": ["Santiago del Estero"], "pais": "Argentina", "tipo_ubicacion": "provincia", "es_argentina": true, "es_limite": false}}, {"type": "Feature", "id": "fed2f8a15e5d76ee", "geometry": {"type": "Point", "coordinates": [-70.654, -38.193]}, "properties": {"id": "fed2f8a15e5d76ee", "fecha": "17/07/2023", "hora": "00:05:09", "latitud": -38.193, "longitud": -70.654, "profundidad": 214.0, "magnitud": 6.5, "sentido": "Si", "ubicacion_original": "NEUQUEN", "ubicacion_normalizada": "Neuquén", "provincia": "Neuquén", "provincias": ["Neuquén"], "pais": "Argentina", "tipo_ubicacion": "provincia", "es_argentina": true, "es_limite": false}}, {"type": "Feature", "id": "bcd9355364531cfc", "geometry": {"type": "Point", "coordinates": [-73.726, -35.632]}, "properties": {"id": "bcd9355364531cfc", "fecha": "30/03/2023", "hora": "14:33:04", "latitud": -35.632, "longitud": -73.726, "profundidad": 27.0, "magnitud": 6.2, "sentido": "Si", "ubicacion_original": "OCEANO PACIFICO", "ubicacion_normalizada": "Océano Pacífico", "provincia": null, "provincias": [], "pais": "Océano Pacífico", "tipo_ubicacion": "oceano", "es_argentina": false, "es_limite": false}}, {"type": "Feature", "id": "1cfc8d1132779808", "geometry": {"type": "Point", "coordinates": [-66.664, -23.457]}, "properties": {"id": "1cfc8d1132779808", "fecha": "22/03/2023", "hora": "13:00:31", "latitud": -23.457, "longitud": -66.664, "profundidad": 233.0, "magnitud": 6.4, "sentido": "Si", "ubicacion_original": "JUJUY", "ubicacion_normalizada": "Jujuy", "provincia": "Jujuy", "provincias": ["Jujuy"], "pais": "Argentina", "tipo_ubicacion": "provincia", "es_argentina": true, "es_limite": false}}, {"type": "Feature", "id": "1c2e18ec92c15e0a", "geometry": {"type": "Point", "coordinates": [-63.172, -26.902]}, "properties": {"id": "1c2e18ec92c15e0a", "fecha": "24/01/2023", "hora": "15:36:54", "latitud": -26.902, "longitud": -63.172, "profundidad": 622.0, "magnitud": 6.1, "sentido": "Si", "ubicacion_original": "SANTIAGO DEL ESTERO", "ubicacion_normalizada": "Santiago del Estero", "provincia": "Santiago del Estero", "provincias": ["Santiago del Estero"], "pais": "Argentina", "tipo_ubicacion": "provincia", "es_argentina": true, "es_limite": false}}, {"type": "Feature", "id": "8a40b5c9abe5000f", "geometry": {"type": "Point", "coordinates": [-63.207, -26.873]}, "properties": {"id": "8a40b5c9abe5000f", "fecha": "20/01/2023", "hora": "19:09:31", "latitud": -26.873, "longitud": -63.207, "profundidad": 637.0, "magnitud": 6.4, "sentido": "Si", "ubicacion_original": "SANTIAGO DEL ESTERO", "ubicacion_normalizada": "Santiago del Estero", "provincia": "Santiago del Estero", "provincias": ["Santiago del Estero"], "pais": "Argentina", "tipo_ubicacion": "provincia", "es_argentina": true, "es_limite": false}}, {"type": "Feature", "id": "64f4786dab3b7d01", "geometry": {"type": "Point", "coordinates": [-73.665, -37.639]}, "properties": {"id": "64f4786dab3b7d01", "fecha": "12/11/2022", "hora": "23:24:58", "latitud": -37.639, "longitud": -73.665, "profundidad": 14.0, "magnitud": 6.2, "sentido": "Si", "ubicacion_original": "CHILE", "ubicacion_normalizada": "Chile", "provincia": null, "provincias": [], "pais": "Chile", "tipo_ubicacion": "extranjero", "es_argentina": false, "es_limite": false}}, {"type": "Feature", "id": "eb7af673b04f4d72", "geometry": {"type": "Point", "coordinates": [-25.777, -60.784]}, "properties": {"id": "eb7af673b04f4d72", "fecha": "02/11/2022", "hora": "11:17:53", "latitud": -60.784, "longitud": -25.777, "profundidad": 25.0, "magnitud": 6.1, "sentido": "No", "ubicacion_original": "TFAIAS", "ubicacion_normalizada": "Tierra del Fuego, Antártida e Islas del Atlántico Sur", "provincia": "Tierra del Fuego, Antártida e Islas del Atlántico Sur", "provincias": ["Tierra del Fuego, Antártida e Islas del Atlántico Sur"], "pais": "Argentina", "tipo_ubicacion": "provincia", "es_argentina": true, "es_limite": false}}, {"type": "Feature", "id": "a70ec54931309b1f", "geometry": {"type": "Point", "coordinates": [-26.154, -58.692]}, "properties": {"id": "a70ec54931309b1f", "fecha": "24/10/2022", "hora": "21:13:02", "latitud": -58.692, "longitud": -26.154, "profundidad": 68.0, "magnitud": 6.0, "sentido": "No", "ubicacion_original": "TFAIAS", "ubicacion_normalizada": "Tierra del Fuego, Antártida e Islas del Atlántico Sur", "provincia": "Tierra del Fuego, Antártida e Islas del Atlántico Sur", "provincias": ["Tierra del Fuego, Antártida e Islas del Atlántico Sur"], "pais": "Argentina", "tipo_ubicacion": "provincia", "es_argentina": true, "es_limite": false}}, {"type": "Feature", "id": "9b91f45ac08a229f", "geometry": {"type": "Point", "coordinates": [-70.526, -21.951]}, "properties": {"id": "9b91f45ac08a229f", "fecha": "28/07/2022", "hora": "01:15:02", "latitud": -21.951, "longitud": -70.526, "profundidad": 60.0, "magnitud": 6.0, "sentido": "Si", "ubicacion_original": "CHILE", "ubicacion_normalizada": "Chile", "provincia": null, "provincias": [], "pais": "Chile", "tipo_ubicacion": "extranjero", "es_argentina": false, "es_limite": false}}, {"type": "Feature", "id": "c1c3ff4b39efb153", "geometry": {"type": "Point", "coordinates": [-66.687, -23.519]}, "properties": {"id": "c1c3ff4b39efb153", "fecha": "10/05/2022", "hora": "20:06:27", "latitud": -23.519, "longitud": -66.687, "profundidad": 234.0, "magnitud": 6.5, "sentido": "Si", "ubicacion_original": "JUJUY", "ubicacion_normalizada": "Jujuy", "provincia": "Jujuy", "provincias": ["Jujuy"], "pais": "Argentina", "tipo_ubicacion": "provincia", "es_argentina": true, "es_limite": false}}, {"type": "Feature", "id": "c859035080a62acd", "geometry": {"type": "Point", "coordinates": [-27.787, -60.41]}, "properties": {"id": "c859035080a62acd", "fecha": "04/10/2021", "hora": "00:54:12", "latitud": -60.41, "longitud": -27.787, "profundidad": 10.0, "magnitud": 6.0, "sentido": "No", "ubicacion_original": "TFAIAS", "ubicacion_normalizada": "Tierra del Fuego, Antártida e Islas del Atlántico Sur", "provincia": "Tierra del Fuego, Antártida e Islas del Atlántico Sur", "provincias": ["Tierra del Fuego, Antártida e Islas del Atlántico Sur"], "pais": "Argentina", "tipo_ubicacion": "provincia", "es_argentina": true, "es_limite": false}}, {"type": "Feature", "id": "5ffc609df145917f", "geometry": {"type": "Point", "coordinates": [-76.043, -36.496]}, "properties": {"id": "5ffc609df145917f", "fecha": "21/09/2021", "hora": "10:14:12", "latitud": -36.496, "longitud": -76.043, "profundidad": 10.0, "magnitud": 6.1, "sentido": "Si", "ubicacion_original": "OCEANO PACIFICO", "ubicacion_normalizada": "Océano Pacífico", "provincia": null, "provincias": [], "pais": "Océano Pacífico", "tipo_ubicacion": "oceano", "es_argentina": false, "es_limite": false}}, {"type": "Feature", "id": "ccc92a37836abb22", "geometry": {"type": "Point", "coordinates": [-25.09, -60.447]}, "properties": {"id": "ccc92a37836abb22", "fecha": "22/08/2021", "hora": "18:33:21", "latitud": -60.447, "longitud": -25.09, "profundidad": 10.0, "magnitud": 7.0, "sentido": "No", "ubicacion_original": "TFAIAS", "ubicacion_normalizada": "Tierra del Fuego, Antártida e Islas del Atlántico Sur", "provincia": "Tierra del Fuego, Antártida e Islas del Atlántico Sur", "provincias": ["Tierra del Fuego, Antártida e Islas del Atlántico Sur"], "pais": "Argentina", "tipo_ubicacion": "provincia", "es_argentina": true, "es_limite": false}}, {"type": "Feature", "id": "fa0dbb47bb3db58b", "geometry": {"type": "Point", "coordinates": [-24.423, -60.083]}, "properties": {"id": "fa0dbb47bb3db58b", "fecha": "21/08/2021", "hora": "21:45:09", "latitud": -60.083, "longitud": -24.423, "profundidad": 10.0, "magnitud": 6.6, "sentido": "No", "ubicacion_original": "TFAIAS", "ubicacion_normalizada": "Tierra del Fuego, Antártida e Islas del Atlántico Sur", "provincia": "Tierra del Fuego, Antártida e Islas del Atlántico Sur", "provincias": ["Tierra del Fuego, Antártida e Islas del Atlántico Sur"], "pais": "Argentina", "tipo_ubicacion": "provincia", "es_argentina": true, "es_limite": false}}, {"type": "Feature", "id": "bafa5c79cddc9684", "geometry": {"type": "Point", "coordinates": [-22.914, -58.233]}, "properties": {"id": "bafa5c79cddc9684", "fecha": "16/08/2021", "hora": "08:10:34", "latitud": -58.233, "longitud": -22.914, "profundidad": 10.0, "magnitud": 6.6, "sentido": "No", "ubicacion_original": "TFAIAS", "ubicacion_normalizada": "Tierra del Fuego, Antártida e Islas del Atlántico Sur", "provincia": "Tierra del Fuego, Antártida e Islas del Atlántico Sur", "provincias": ["Tierra del Fuego, Antártida e Islas del Atlántico Sur"], "pais": "Argentina", "tipo_ubicacion": "provincia", "es_argentina": true, "es_limite": false}}, {"type": "Feature", "id": "2be08db05b6f0fb1", "geometry": {"type": "Point", "coordinates": [-27.17, -60.48]}, "properties": {"id": "2be08db05b6f0fb1", "fecha": "13/08/2021", "hora": "04:34:29", "latitud": -60.48, "longitud": -27.17, "profundidad": 12.0, "magnitud": 6.1, "sentido": "No", "ubicacion_original": "TFAIAS", "ubicacion_normalizada": "Tierra del Fuego, Antártida e Islas del Atlántico Sur", "provincia": "Tierra del Fuego, Antártida e Islas del Atlántico Sur", "provincias": ["Tierra del Fuego, Antártida e Islas del Atlántico Sur"], "pais": "Argentina", "tipo_ubicacion": "provincia", "es_argentina": true, "es_limite": false}}, {"type": "Feature", "id": "f7fdc6113311ed79", "geometry": {"type": "Point", "coordinates": [-25.271, -58.432]}, "properties": {"id": "f7fdc6113311ed79", "fecha": "12/08/2021", "hora": "15:35:20", "latitud": -58.432, "longitud": -25.271, "profundidad": 50.0, "magnitud": 8.1, "sentido": "No", "ubicacion_original": "REGION NOT FOUND.", "ubicacion_normalizada": "REGION NOT FOUND.", "provincia": null, "provincias": [], "pais": "Desconocido", "tipo_ubicacion": "desconocido", "es_argentina": false, "es_limite": false}}, {"type": "Feature", "id": "9da3990515c8a26c", "geometry": {"type": "Point", "coordinates": [-25.256, -57.613]}, "properties": {"id": "9da3990515c8a26c", "fecha": "12/08/2021", "hora": "15:33:03", "latitud": -57.613, "longitud": -25.256, "profundidad": 65.0, "magnitud": 7.5, "sentido": "No", "ubicacion_original": "TFAIAS", "ubicacion_normalizada": "Tierra del Fuego, Antártida e Islas del Atlántico Sur", "provincia": "Tierra del Fuego, Antártida e Islas del Atlántico Sur", "provincias": ["Tierra del Fuego, Antártida e Islas del Atlántico Sur"], "pais": "Argentina", "tipo_ubicacion": "provincia", "es_argentina": true, "es_limite": false}}, {"type": "Feature", "id": "dcb0a36fdf45901b", "geometry": {"type": "Point", "coordinates": [-55.311, -61.79]}, "properties": {"id": "dcb0a36fdf45901b", "fecha": "23/01/2021", "hora": "20:36:49", "latitud": -61.79, "longitud": -55.311, "profundidad": 12.0, "magnitud": 7.0, "sentido": "No", "ubicacion_original": "TFAIAS", "ubicacion_normalizada": "Tierra del Fuego, Antártida e Islas del Atlántico Sur", "provincia": "Tierra del Fuego, Antártida e Islas del Atlántico Sur", "provincias": ["Tierra del Fuego, Antártida e Islas del Atlántico Sur"], "pais": "Argentina", "tipo_ubicacion": "provincia", "es_argentina": true, "es_limite": false}}, {"type": "Feature", "id": "040779ca3a967f75", "geometry": {"type": "Point", "coordinates": [-68.963, -31.854]}, "properties": {"id": "040779ca3a967f75", "fecha": "18/01/2021", "hora": "23:46:20", "latitud": -31.854, "longitud": -68.963, "profundidad": 8.0, "magnitud": 6.4, "sentido": "Si", "ubicacion_original": "SAN JUAN", "ubicacion_normalizada": "San Juan", "provincia": "San Juan", "provincias": ["San Juan"], "pais": "Argentina", "tipo_ubicacion": "provincia", "es_argentina": true, "es_limite": false}}, {"type": "Feature", "id": "4d1d247b6e096b32", "geometry": {"type": "Point", "coordinates": [-66.871, -24.019]}, "properties": {"id": "4d1d247b6e096b32", "fecha": "10/01/2021", "hora": "00:54:12", "latitud": -24.019, "longitud": -66.871, "profundidad": 202.0, "magnitud": 6.0, "sentido": "Si", "ubicacion_original": "SALTA", "ubicacion_normalizada": "Salta", "provincia": "Salta", "provincias": ["Salta"], "pais": "Argentina", "tipo_ubicacion": "provincia", "es_argentina": true, "es_limite": false}}, {"type": "Feature", "id": "fb0720c06144cf95", "geometry": {"type": "Point", "coordinates": [-69.13, -20.35]}, "properties": {"id": "fb0720c06144cf95", "fecha": "06/12/2020", "hora": "13:47:41", "latitud": -20.35, "longitud": -69.13, "profundidad": 120.0, "magnitud": 6.2, "sentido": "No", "ubicacion_original": "CHILE", "ubicacion_normalizada": "Chile", "provincia": null, "provincias": [], "pais": "Chile", "tipo_ubicacion": "extranjero", "es_argentina": false, "es_limite": false}}, {"type": "Feature", "id": "cfc093ce43613a4c", "geometry": {"type": "Point", "coordinates": [-67.229, -24.318]}, "properties": {"id": "cfc093ce43613a4c", "fecha": "30/11/2020", "hora": "19:54:59", "latitud": -24.318, "longitud": -67.229, "profundidad": 188.0, "magnitud": 6.1, "sentido": "Si", "ubicacion_original": "SALTA", "ubicacion_normalizada": "Salta", "provincia": "Salta", "provincias": ["Salta"], "pais": "Argentina", "tipo_ubicacion": "provincia", "es_argentina": true, "es_limite": false}}, {"type": "Feature", "id": "a45341a5f85c42f9", "geometry": {"type": "Point", "coordinates": [-73.171, -34.587]}, "properties": {"id": "a45341a5f85c42f9", "fecha": "21/11/2020", "hora": "21:54:55", "latitud": -34.587, "longitud": -73.171, "profundidad": 39.0, "magnitud": 6.1, "sentido": "Si", "ubicacion_original": "OCEANO PACIFICO", "ubicacion_normalizada": "Océano Pacífico", "provincia": null, "provincias": [], "pais": "Océano Pacífico", "tipo_ubicacion": "oceano", "es_argentina": false, "es_limite": false}}, {"type": "Feature", "id": "7bc690adf0b74615", "geometry": {"type": "Point", "coordinates": [-69.893, -21.358]}, "properties": {"id": "7bc690adf0b74615", "fecha": "11/09/2020", "hora": "04:35:56", "latitud": -21.358, "longitud": -69.893, "profundidad": 58.0, "magnitud": 6.3, "sentido": "No", "ubicacion_original": "CHILE", "ubicacion_normalizada": "Chile", "provincia": null, "provincias": [], "pais": "Chile", "tipo_ubicacion": "extranjero", "es_argentina": false, "es_limite": false}}, {"type": "Feature", "id": "1b4a494e78873121", "geometry": {"type": "Point", "coordinates": [-71.994, -30.262]}, "properties": {"id": "1b4a494e78873121", "fecha": "05/09/2020", "hora": "22:16:52", "latitud": -30.262, "longitud": -71.994, "profundidad": 14.0, "magnitud": 6.2, "sentido": "Si", "ubicacion_original": "OCEANO PACIFICO", "ubicacion_normalizada": "Océano Pacífico", "provincia": null, "provincias": [], "pais": "Océano Pacífico", "tipo_ubicacion": "oceano", "es_argentina": false, "es_limite": false}}, {"type": "Feature", "id": "88442a92a885984c", "geometry": {"type": "Point", "coordinates": [-71.627, -27.864]}, "properties": {"id": "88442a92a885984c", "fecha": "01/09/2020", "hora": "18:09:14", "latitud": -27.864, "longitud": -71.627, "profundidad": 19.0, "magnitud": 6.5, "sentido": "Si", "ubicacion_original": "OCEANO PACIFICO", "ubicacion_normalizada": "Océano Pacífico", "provincia": null, "provincias": [], "pais": "Océano Pacífico", "tipo_ubicacion": "oceano", "es_argentina": false, "es_limite": false}}, {"type": "Feature", "id": "ec1776d79b97edf8", "geometry": {"type": "Point", "coordinates": [-71.43, -27.971]}, "properties": {"id": "ec1776d79b97edf8", "fecha": "01/09/2020", "hora": "01:29:59", "latitud": -27.971, "longitud": -71.43, "profundidad": 35.0, "magnitud": 6.2, "sentido": "Si", "ubicacion_original": "OCEANO PACIFICO", "ubicacion_normalizada": "Océano Pacífico", "provincia": null, "provincias": [], "pais": "Océano Pacífico", "tipo_ubicacion": "oceano", "es_argentina": false, "es_limite": false}}, {"type": "Feature", "id": "0d9fb9e0e0107b1e", "geometry": {"type": "Point", "coordinates": [-71.424, -27.936]}, "properties": {"id": "0d9fb9e0e0107b1e", "fecha": "01/09/2020", "hora": "01:09:28", "latitud": -27.936, "longitud": -71.424, "profundidad": 39.0, "magnitud": 6.7, "sentido": "Si", "ubicacion_original": "OCEANO PACIFICO", "ubicacion_normalizada": "Océano Pacífico", "provincia": null, "provincias": [], "pais": "Océano Pacífico", "tipo_ubicacion": "oceano", "es_argentina": false, "es_limite": false}}, {"type": "Feature", "id": "eda840d4ca2557df", "geometry": {"type": "Point", "coordinates": [-68.45, -23.296]}, "properties": {"id": "eda840d4ca2557df", "fecha": "03/06/2020", "hora": "04:35:33", "latitud": -23.296, "longitud": -68.45, "profundidad": 130.0, "magnitud": 6.7, "sentido": "Si", "ubicacion_original": "CHILE", "ubicacion_normalizada": "Chile", "provincia": null, "provincias": [], "pais": "Chile", "tipo_ubicacion": "extranjero", "es_argentina": false, "es_limite": false}}, {"type": "Feature", "id": "01a9265dc2c2617f", "geometry": {"type": "Point", "coordinates": [-63.247, -27.07]}, "properties": {"id": "01a9265dc2c2617f", "fecha": "24/12/2019", "hora": "13:43:26", "latitud": -27.07, "longitud": -63.247, "profundidad": 590.0, "magnitud": 6.1, "sentido": "Si", "ubicacion_original": "SANTIAGO DEL ESTERO", "ubicacion_normalizada": "Santiago del Estero", "provincia": "Santiago del Estero", "provincias": ["Santiago del Estero"], "pais": "Argentina", "tipo_ubicacion": "provincia", "es_argentina": true, "es_limite": false}}, {"type": "Feature", "id": "39f8af5e939269a1", "geometry": {"type": "Point", "coordinates": [-66.913, -33.776]}, "properties": {"id": "39f8af5e939269a1", "fecha": "19/11/2019", "hora": "20:10:39", "latitud": -33.776, "longitud": -66.913, "profundidad": 14.0, "magnitud": 6.0, "sentido": "Si", "ubicacion_original": "MENDOZA", "ubicacion_normalizada": "Mendoza", "provincia": "Mendoza", "provincias": ["Mendoza"], "pais": "Argentina", "tipo_ubicacion": "provincia", "es_argentina": true, "es_limite": false}}, {"type": "Feature", "id": "6213122616d7d5f7", "geometry": {"type": "Point", "coordinates": [-71.375, -31.76]}, "properties": {"id": "6213122616d7d5f7", "fecha": "04/11/2019", "hora": "18:53:24", "latitud": -31.76, "longitud": -71.375, "profundidad": 57.0, "magnitud": 6.1, "sentido": "Si", "ubicacion_original": "CHILE", "ubicacion_normalizada": "Chile", "provincia": null, "provincias": [], "pais": "Chile", "tipo_ubicacion": "extranjero", "es_argentina": false, "es_limite": false}}, {"type": "Feature", "id": "b620eaa554778122", "geometry": {"type": "Point", "coordinates": [-73.265, -35.433]}, "properties": {"id": "b620eaa554778122", "fecha": "29/09/2019", "hora": "12:57:51", "latitud": -35.433, "longitud": -73.265, "profundidad": 22.0, "magnitud": 6.8, "sentido": "Si", "ubicacion_original": "OCEANO PACIFICO", "ubicacion_normalizada": "Océano Pacífico", "provincia": null, "provincias": [], "pais": "Océano Pacífico", "tipo_ubicacion": "oceano", "es_argentina": false, "es_limite": false}}, {"type": "Feature", "id": "649edfbdc1bd9ea8", "geometry": {"type": "Point", "coordinates": [-72.5, -34.246]}, "properties": {"id": "649edfbdc1bd9ea8", "fecha": "01/08/2019", "hora": "15:27:59", "latitud": -34.246, "longitud": -72.5, "profundidad": 10.0, "magnitud": 6.8, "sentido": "Si", "ubicacion_original": "OCEANO PACIFICO", "ubicacion_normalizada": "Océano Pacífico", "provincia": null, "provincias": [], "pais": "Océano Pacífico", "tipo_ubicacion": "oceano", "es_argentina": false, "es_limite": false}}, {"type": "Feature", "id": "75d82bdd50b2b837", "geometry": {"type": "Point", "coordinates": [-72.336, -30.085]}, "properties": {"id": "75d82bdd50b2b837", "fecha": "13/06/2019", "hora": "21:19:10", "latitud": -30.085, "longitud": -72.336, "profundidad": 10.0, "magnitud": 6.2, "sentido": "Si", "ubicacion_original": "OCEANO PACIFICO", "ubicacion_normalizada": "Océano Pacífico", "provincia": null, "provincias": [], "pais": "Océano Pacífico", "tipo_ubicacion": "oceano", "es_argentina": false, "es_limite": false}}, {"type": "Feature", "id": "ee437eaabac6597b", "geometry": {"type": "Point", "coordinates": [-25.293, -58.512]}, "properties": {"id": "ee437eaabac6597b", "fecha": "09/04/2019", "hora": "14:54:03", "latitud": -58.512, "longitud": -25.293, "profundidad": 30.0, "magnitud": 6.4, "sentido": "No", "ubicacion_original": "ISLAS SANDWICH", "ubicacion_normalizada": "Islas del Atlántico Sur", "provincia": "Tierra del Fuego, Antártida e Islas del Atlántico Sur", "provincias": ["Tierra del Fuego, Antártida e Islas del Atlántico Sur"], "pais": "Argentina", "tipo_ubicacion": "provincia", "es_argentina": true, "es_limite": false}}, {"type": "Feature", "id": "99403b2be6338c19", "geometry": {"type": "Point", "coordinates": [-27.958, -55.804]}, "properties": {"id": "99403b2be6338c19", "fecha": "05/04/2019", "hora": "13:14:16", "latitud": -55.804, "longitud": -27.958, "profundidad": 61.0, "magnitud": 6.4, "sentido": "No", "ubicacion_original": "ISLAS SANDWICH", "ubicacion_normalizada": "Islas del Atlántico Sur", "provincia": "Tierra del Fuego, Antártida e Islas del Atlántico Sur", "provincias": ["Tierra del Fuego, Antártida e Islas del Atlántico Sur"], "pais": "Argentina", "tipo_ubicacion": "provincia", "es_argentina": true, "es_limite": false}}, {"type": "Feature", "id": "feda543a0021f885", "geometry": {"type": "Point", "coordinates": [-66.104, -17.95]}, "properties": {"id": "feda543a0021f885", "fecha": "15/03/2019", "hora": "02:03:48", "latitud": -17.95, "longitud": -66.104, "profundidad": 419.0, "magnitud": 6.4, "sentido": "No", "ubicacion_original": "BOLIVIA", "ubicacion_normalizada": "Bolivia", "provincia": null, "provincias": [], "pais": "Bolivia", "tipo_ubicacion": "extranjero", "es_argentina": false, "es_limite": false}}, {"type": "Feature", "id": "f69ff9337367a750", "geometry": {"type": "Point", "coordinates": [-68.439, -31.076]}, "properties": {"id": "f69ff9337367a750", "fecha": "29/01/2019", "hora": "03:02:39", "latitud": -31.076, "longitud": -68.439, "profundidad": 10.0, "magnitud": 8.0, "sentido": "No", "ubicacion_original": NaN, "ubicacion_normalizada": "Desconocido", "provincia": null, "provincias": [], "pais": "Desconocido", "tipo_ubicacion": "desconocido", "es_argentina": false, "es_limite": false}}, {"type": "Feature", "id": "6b448e8f12084e76", "geometry": {"type": "Point", "coordinates": [-71.591, -30.05]}, "properties": {"id": "6b448e8f12084e76", "fecha": "19/01/2019", "hora": "22:32:47", "latitud": -30.05, "longitud": -71.591, "profundidad": 32.0, "magnitud": 6.7, "sentido": "Si", "ubicacion_original": "CHILE", "ubicacion_normalizada": "Chile", "provincia": null, "provincias": [], "pais": "Chile", "tipo_ubicacion": "extranjero", "es_argentina": false, "es_limite": false}}, {"type": "Feature", "id": "9452edffb0875338", "geometry": {"type": "Point", "coordinates": [-26.4, -58.6]}, "properties": {"id": "9452edffb0875338", "fecha": "10/12/2018", "hora": "23:26:30", "latitud": -58.6, "longitud": -26.4, "profundidad": 144.0, "magnitud": 7.1, "sentido": "No", "ubicacion_original": "ISLAS SANDWICH DEL SUR", "ubicacion_normalizada": "Islas del Atlántico Sur", "provincia": "Tierra del Fuego, Antártida e Islas del Atlántico Sur", "provincias": ["Tierra del Fuego, Antártida e Islas del Atlántico Sur"], "pais": "Argentina", "tipo_ubicacion": "provincia", "es_argentina": true, "es_limite": false}}, {"type": "Feature", "id": "5e4e208425409759", "geometry": {"type": "Point", "coordinates": [146.74, 47.81]}, "properties": {"id": "5e4e208425409759", "fecha": "02/11/2018", "hora": "08:01:15", "latitud": 47.81, "longitud": 146.74, "profundidad": 456.0, "magnitud": 6.0, "sentido": "No", "ubicacion_original": "NORTHWEST OF KURIL ISLANDS", "ubicacion_normalizada": "Islas Kuriles", "provincia": null, "provincias": [], "pais": "Rusia / Japón", "tipo_ubicacion": "extranjero", "es_argentina": false, "es_limite": false}}, {"type": "Feature", "id": "ac4e7ac30e78ab50", "geometry": {"type": "Point", "coordinates": [-69.438, -19.618]}, "properties": {"id": "ac4e7ac30e78ab50", "fecha": "01/11/2018", "hora": "19:19:49", "latitud": -19.618, "longitud": -69.438, "profundidad": 116.0, "magnitud": 6.2, "sentido": "No", "ubicacion_original": "CHILE", "ubicacion_normalizada": "Chile", "provincia": null, "provincias": [], "pais": "Chile", "tipo_ubicacion": "extranjero", "es_argentina": false, "es_limite": false}}, {"type": "Feature", "id": "1ce3571383f39cd6", "geometry": {"type": "Point", "coordinates": [-65.78, -57.244]}, "properties": {"id": "1ce3571383f39cd6", "fecha": "29/10/2018", "hora": "03:54:18", "latitud": -57.244, "longitud": -65.78, "profundidad": 10.0, "magnitud": 6.3, "sentido": "No", "ubicacion_original": "PASAJE DE DRAKE", "ubicacion_normalizada": "Pasaje de Drake / Mar de Scotia", "provincia": null, "provincias": [], "pais": "Océano Antártico", "tipo_ubicacion": "oceano", "es_argentina": true, "es_limite": false}}, {"type": "Feature", "id": "07d07c67cee23770", "geometry": {"type": "Point", "coordinates": [-71.803, -30.98]}, "properties": {"id": "07d07c67cee23770", "fecha": "10/04/2018", "hora": "07:19:31", "latitud": -30.98, "longitud": -71.803, "profundidad": 68.0, "magnitud": 6.2, "sentido": "Si", "ubicacion_original": "CHILE", "ubicacion_normalizada": "Chile", "provincia": null, "provincias": [], "pais": "Chile", "tipo_ubicacion": "extranjero", "es_argentina": false, "es_limite": false}}, {"type": "Feature", "id": "45ebf044f6c28f25", "geometry": {"type": "Point", "coordinates": [-63.418, -20.679]}, "properties": {"id": "45ebf044f6c28f25", "fecha": "02/04/2018", "hora": "10:40:34", "latitud": -20.679, "longitud": -63.418, "profundidad": 570.0, "magnitud": 6.8, "sentido": "No", "ubicacion_original": "BOLIVIA", "ubicacion_normalizada": "Bolivia", "provincia": null, "provincias": [], "pais": "Bolivia", "tipo_ubicacion": "extranjero", "es_argentina": false, "es_limite": false}}, {"type": "Feature", "id": "663cca250e4cee60", "geometry": {"type": "Point", "coordinates": [-69.683, -18.91]}, "properties": {"id": "663cca250e4cee60", "fecha": "20/01/2018", "hora": "22:06:40", "latitud": -18.91, "longitud": -69.683, "profundidad": 133.0, "magnitud": 6.2, "sentido": "No", "ubicacion_original": "CHILE", "ubicacion_normalizada": "Chile", "provincia": null, "provincias": [], "pais": "Chile", "tipo_ubicacion": "extranjero", "es_argentina": false, "es_limite": false}}, {"type": "Feature", "id": "939d1656f37cd1b1", "geometry": {"type": "Point", "coordinates": [-69.876, -18.549]}, "properties": {"id": "939d1656f37cd1b1", "fecha": "10/10/2017", "hora": "03:32:20", "latitud": -18.549, "longitud": -69.876, "profundidad": 103.0, "magnitud": 6.2, "sentido": "No", "ubicacion_original": "CHILE", "ubicacion_normalizada": "Chile", "provincia": null, "provincias": [], "pais": "Chile", "tipo_ubicacion": "extranjero", "es_argentina": false, "es_limite": false}}, {"type": "Feature", "id": "844fe03c1e1390ce", "geometry": {"type": "Point", "coordinates": [-25.743, -56.414]}, "properties": {"id": "844fe03c1e1390ce", "fecha": "10/05/2017", "hora": "20:23:36", "latitud": -56.414, "longitud": -25.743, "profundidad": 15.0, "magnitud": 6.5, "sentido": "No", "ubicacion_original": "ISLAS GEORGIAS Y SANDWICH DEL SUR", "ubicacion_normalizada": "Islas del Atlántico Sur", "provincia": "Tierra del Fuego, Antártida e Islas del Atlántico Sur", "provincias": ["Tierra del Fuego, Antártida e Islas del Atlántico Sur"], "pais": "Argentina", "tipo_ubicacion": "provincia", "es_argentina": true, "es_limite": false}}, {"type": "Feature", "id": "19417eb611c2fe94", "geometry": {"type": "Point", "coordinates": [-71.915, -33.094]}, "properties": {"id": "19417eb611c2fe94", "fecha": "28/04/2017", "hora": "13:05:54", "latitud": -33.094, "longitud": -71.915, "profundidad": 30.0, "magnitud": 6.0, "sentido": "Si", "ubicacion_original": "CHILE", "ubicacion_normalizada": "Chile", "provincia": null, "provincias": [], "pais": "Chile", "tipo_ubicacion": "extranjero", "es_argentina": false, "es_limite": false}}, {"type": "Feature", "id": "d93e7f17a73c42d9", "geometry": {"type": "Point", "coordinates": [-72.298, -33.072]}, "properties": {"id": "d93e7f17a73c42d9", "fecha": "24/04/2017", "hora": "18:38:21", "latitud": -33.072, "longitud": -72.298, "profundidad": 14.0, "magnitud": 6.6, "sentido": "Si", "ubicacion_original": "OCEANO PACIFICO", "ubicacion_normalizada": "Océano Pacífico", "provincia": null, "provincias": [], "pais": "Océano Pacífico", "tipo_ubicacion": "oceano", "es_argentina": false, "es_limite": false}}, {"type": "Feature", "id": "4791f8451e3405c8", "geometry": {"type": "Point", "coordinates": [-67.887, -23.312]}, "properties": {"id": "4791f8451e3405c8", "fecha": "15/04/2017", "hora": "05:19:41", "latitud": -23.312, "longitud": -67.887, "profundidad": 170.0, "magnitud": 6.2, "sentido": "No", "ubicacion_original": "CHILE", "ubicacion_normalizada": "Chile", "provincia": null, "provincias": [], "pais": "Chile", "tipo_ubicacion": "extranjero", "es_argentina": false, "es_limite": false}}, {"type": "Feature", "id": "51186d40d33f7445", "geometry": {"type": "Point", "coordinates": [-66.83, -23.9]}, "properties": {"id": "51186d40d33f7445", "fecha": "18/02/2017", "hora": "09:10:14", "latitud": -23.9, "longitud": -66.83, "profundidad": 235.0, "magnitud": 6.4, "sentido": "Si", "ubicacion_original": "JUJUY", "ubicacion_normalizada": "Jujuy", "provincia": "Jujuy", "provincias": ["Jujuy"], "pais": "Argentina", "tipo_ubicacion": "provincia", "es_argentina": true, "es_limite": false}}, {"type": "Feature", "id": "180051f7ba43adeb", "geometry": {"type": "Point", "coordinates": [-74.391, -43.517]}, "properties": {"id": "180051f7ba43adeb", "fecha": "25/12/2016", "hora": "11:22:23", "latitud": -43.517, "longitud": -74.391, "profundidad": 30.0, "magnitud": 7.6, "sentido": "Si", "ubicacion_original": "CHILE", "ubicacion_normalizada": "Chile", "provincia": null, "provincias": [], "pais": "Chile", "tipo_ubicacion": "extranjero", "es_argentina": false, "es_limite": false}}, {"type": "Feature", "id": "b88c00740b4d01a2", "geometry": {"type": "Point", "coordinates": [-68.663, -31.63]}, "properties": {"id": "b88c00740b4d01a2", "fecha": "20/11/2016", "hora": "17:57:44", "latitud": -31.63, "longitud": -68.663, "profundidad": 107.0, "magnitud": 6.3, "sentido": "Si", "ubicacion_original": "SAN JUAN", "ubicacion_normalizada": "San Juan", "provincia": "San Juan", "provincias": ["San Juan"], "pais": "Argentina", "tipo_ubicacion": "provincia", "es_argentina": true, "es_limite": false}}, {"type": "Feature", "id": "d81d9ad04be8aa79", "geometry": {"type": "Point", "coordinates": [-73.73, -36.623]}, "properties": {"id": "d81d9ad04be8aa79", "fecha": "08/11/2016", "hora": "01:55:43", "latitud": -36.623, "longitud": -73.73, "profundidad": 15.0, "magnitud": 6.0, "sentido": "No", "ubicacion_original": "CHILE", "ubicacion_normalizada": "Chile", "provincia": null, "provincias": [], "pais": "Chile", "tipo_ubicacion": "extranjero", "es_argentina": false, "es_limite": false}}, {"type": "Feature", "id": "56c3cba43ea02997", "geometry": {"type": "Point", "coordinates": [-71.174, -35.133]}, "properties": {"id": "56c3cba43ea02997", "fecha": "04/11/2016", "hora": "13:20:42", "latitud": -35.133, "longitud": -71.174, "profundidad": 122.0, "magnitud": 6.0, "sentido": "No", "ubicacion_original": "CHILE", "ubicacion_normalizada": "Chile", "provincia": null, "provincias": [], "pais": "Chile", "tipo_ubicacion": "extranjero", "es_argentina": false, "es_limite": false}}, {"type": "Feature", "id": "21d71f07bae9c1dd", "geometry": {"type": "Point", "coordinates": [-31.939, -55.339]}, "properties": {"id": "21d71f07bae9c1dd", "fecha": "19/08/2016", "hora": "04:32:23", "latitud": -55.339, "longitud": -31.939, "profundidad": 10.0, "magnitud": 7.4, "sentido": "No", "ubicacion_original": "ISLAS GEORGIA DEL SUR", "ubicacion_normalizada": "Islas del Atlántico Sur", "provincia": "Tierra del Fuego, Antártida e Islas del Atlántico Sur", "provincias": ["Tierra del Fuego, Antártida e Islas del Atlántico Sur"], "pais": "Argentina", "tipo_ubicacion": "provincia", "es_argentina": true, "es_limite": false}}, {"type": "Feature", "id": "fe889a7491a4d909", "geometry": {"type": "Point", "coordinates": [-72.462, -30.424]}, "properties": {"id": "fe889a7491a4d909", "fecha": "22/02/2016", "hora": "03:36:59", "latitud": -30.424, "longitud": -72.462, "profundidad": 27.0, "magnitud": 6.3, "sentido": "No", "ubicacion_original": "OCEANO PACIFICO", "ubicacion_normalizada": "Océano Pacífico", "provincia": null, "provincias": [], "pais": "Océano Pacífico", "tipo_ubicacion": "oceano", "es_argentina": false, "es_limite": false}}, {"type": "Feature", "id": "d2c56eb1e0254c73", "geometry": {"type": "Point", "coordinates": [-71.939, -30.555]}, "properties": {"id": "d2c56eb1e0254c73", "fecha": "09/02/2016", "hora": "21:33:01", "latitud": -30.555, "longitud": -71.939, "profundidad": 15.0, "magnitud": 6.3, "sentido": "Si", "ubicacion_original": "OCEANO PACIFICO", "ubicacion_normalizada": "Océano Pacífico", "provincia": null, "provincias": [], "pais": "Océano Pacífico", "tipo_ubicacion": "oceano", "es_argentina": false, "es_limite": false}}, {"type": "Feature", "id": "f44239a4ee7180b2", "geometry": {"type": "Point", "coordinates": [-71.544, -30.655]}, "properties": {"id": "f44239a4ee7180b2", "fecha": "19/12/2015", "hora": "16:25:02", "latitud": -30.655, "longitud": -71.544, "profundidad": 29.0, "magnitud": 6.2, "sentido": "Si", "ubicacion_original": "CHILE", "ubicacion_normalizada": "Chile", "provincia": null, "provincias": [], "pais": "Chile", "tipo_ubicacion": "extranjero", "es_argentina": false, "es_limite": false}}, {"type": "Feature", "id": "baa3d5fcd386bc8c", "geometry": {"type": "Point", "coordinates": [-70.74, -24.76]}, "properties": {"id": "baa3d5fcd386bc8c", "fecha": "27/11/2015", "hora": "18:00:19", "latitud": -24.76, "longitud": -70.74, "profundidad": 20.0, "magnitud": 6.4, "sentido": "Si", "ubicacion_original": "CHILE", "ubicacion_normalizada": "Chile", "provincia": null, "provincias": [], "pais": "Chile", "tipo_ubicacion": "extranjero", "es_argentina": false, "es_limite": false}}, {"type": "Feature", "id": "59cfff0b623b2922", "geometry": {"type": "Point", "coordinates": [-71.8, -30.61]}, "properties": {"id": "59cfff0b623b2922", "fecha": "21/11/2015", "hora": "20:05:23", "latitud": -30.61, "longitud": -71.8, "profundidad": 10.0, "magnitud": 6.1, "sentido": "Si", "ubicacion_original": "CHILE", "ubicacion_normalizada": "Chile", "provincia": null, "provincias": [], "pais": "Chile", "tipo_ubicacion": "extranjero", "es_argentina": false, "es_limite": false}}, {"type": "Feature", "id": "aaf385a85c282959", "geometry": {"type": "Point", "coordinates": [-72.371, -29.359]}, "properties": {"id": "aaf385a85c282959", "fecha": "10/11/2015", "hora": "23:46:11", "latitud": -29.359, "longitud": -72.371, "profundidad": 10.0, "magnitud": 6.6, "sentido": "Si", "ubicacion_original": "OCEANO PACIFICO", "ubicacion_normalizada": "Océano Pacífico", "provincia": null, "provincias": [], "pais": "Océano Pacífico", "tipo_ubicacion": "oceano", "es_argentina": false, "es_limite": false}}, {"type": "Feature", "id": "f6245480cded4d20", "geometry": {"type": "Point", "coordinates": [-72.468, -29.358]}, "properties": {"id": "f6245480cded4d20", "fecha": "10/11/2015", "hora": "22:54:33", "latitud": -29.358, "longitud": -72.468, "profundidad": 26.0, "magnitud": 6.4, "sentido": "Si", "ubicacion_original": "OCEANO PACIFICO", "ubicacion_normalizada": "Océano Pacífico", "provincia": null, "provincias": [], "pais": "Océano Pacífico", "tipo_ubicacion": "oceano", "es_argentina": false, "es_limite": false}}, {"type": "Feature", "id": "e4345e89358c1937", "geometry": {"type": "Point", "coordinates": [-71.718, -30.687]}, "properties": {"id": "e4345e89358c1937", "fecha": "07/11/2015", "hora": "07:53:40", "latitud": -30.687, "longitud": -71.718, "profundidad": 28.0, "magnitud": 6.0, "sentido": "Si", "ubicacion_original": "CHILE", "ubicacion_normalizada": "Chile", "provincia": null, "provincias": [], "pais": "Chile", "tipo_ubicacion": "extranjero", "es_argentina": false, "es_limite": false}}, {"type": "Feature", "id": "9fa8ef0ac19e2a1a", "geometry": {"type": "Point", "coordinates": [-71.727, -30.844]}, "properties": {"id": "9fa8ef0ac19e2a1a", "fecha": "07/11/2015", "hora": "04:31:41", "latitud": -30.844, "longitud": -71.727, "profundidad": 56.0, "magnitud": 6.8, "sentido": "Si", "ubicacion_original": "CHILE", "ubicacion_normalizada": "Chile", "provincia": null, "provincias": [], "pais": "Chile", "tipo_ubicacion": "extranjero", "es_argentina": false, "es_limite": false}}, {"type": "Feature", "id": "41ee1250537ac0df", "geometry": {"type": "Point", "coordinates": [-72.414, -29.369]}, "properties": {"id": "41ee1250537ac0df", "fecha": "07/11/2015", "hora": "04:04:32", "latitud": -29.369, "longitud": -72.414, "profundidad": 15.0, "magnitud": 6.0, "sentido": "Si", "ubicacion_original": "OCEANO PACIFICO", "ubicacion_normalizada": "Océano Pacífico", "provincia": null, "provincias": [], "pais": "Océano Pacífico", "tipo_ubicacion": "oceano", "es_argentina": false, "es_limite": false}}, {"type": "Feature", "id": "56786f828b590477", "geometry": {"type": "Point", "coordinates": [-71.71, -30.29]}, "properties": {"id": "56786f828b590477", "fecha": "03/10/2015", "hora": "03:26:53", "latitud": -30.29, "longitud": -71.71, "profundidad": 30.0, "magnitud": 6.0, "sentido": "Si", "ubicacion_original": "CHILE", "ubicacion_normalizada": "Chile", "provincia": null, "provincias": [], "pais": "Chile", "tipo_ubicacion": "extranjero", "es_argentina": false, "es_limite": false}}, {"type": "Feature", "id": "998a9d74e8edf88e", "geometry": {"type": "Point", "coordinates": [-66.802, -23.866]}, "properties": {"id": "998a9d74e8edf88e", "fecha": "28/09/2015", "hora": "12:28:02", "latitud": -23.866, "longitud": -66.802, "profundidad": 227.0, "magnitud": 6.0, "sentido": "No", "ubicacion_original": "JUJUY", "ubicacion_normalizada": "Jujuy", "provincia": "Jujuy", "provincias": ["Jujuy"], "pais": "Argentina", "tipo_ubicacion": "provincia", "es_argentina": true, "es_limite": false}}, {"type": "Feature", "id": "1475c86bca71fd28", "geometry": {"type": "Point", "coordinates": [-71.86, -30.7]}, "properties": {"id": "1475c86bca71fd28", "fecha": "25/09/2015", "hora": "23:51:13", "latitud": -30.7, "longitud": -71.86, "profundidad": 30.0, "magnitud": 6.2, "sentido": "Si", "ubicacion_original": "CHILE", "ubicacion_normalizada": "Chile", "provincia": null, "provincias": [], "pais": "Chile", "tipo_ubicacion": "extranjero", "es_argentina": false, "es_limite": false}}, {"type": "Feature", "id": "6e7bd9118ed2bc30", "geometry": {"type": "Point", "coordinates": [-71.32, -31.43]}, "properties": {"id": "6e7bd9118ed2bc30", "fecha": "22/09/2015", "hora": "04:12:58", "latitud": -31.43, "longitud": -71.32, "profundidad": 60.0, "magnitud": 6.1, "sentido": "Si", "ubicacion_original": "CHILE", "ubicacion_normalizada": "Chile", "provincia": null, "provincias": [], "pais": "Chile", "tipo_ubicacion": "extranjero", "es_argentina": false, "es_limite": false}}, {"type": "Feature", "id": "5d192084800e6ef3", "geometry": {"type": "Point", "coordinates": [-71.976, -31.732]}, "properties": {"id": "5d192084800e6ef3", "fecha": "21/09/2015", "hora": "16:56:05", "latitud": -31.732, "longitud": -71.976, "profundidad": 25.0, "magnitud": 6.0, "sentido": "Si", "ubicacion_original": "OCEANO PACIFICO", "ubicacion_normalizada": "Océano Pacífico", "provincia": null, "provincias": [], "pais": "Océano Pacífico", "tipo_ubicacion": "oceano", "es_argentina": false, "es_limite": false}}, {"type": "Feature", "id": "295e679b2069b12f", "geometry": {"type": "Point", "coordinates": [-71.88, -31.73]}, "properties": {"id": "295e679b2069b12f", "fecha": "21/09/2015", "hora": "14:39:57", "latitud": -31.73, "longitud": -71.88, "profundidad": 10.0, "magnitud": 6.5, "sentido": "Si", "ubicacion_original": "CHILE", "ubicacion_normalizada": "Chile", "provincia": null, "provincias": [], "pais": "Chile", "tipo_ubicacion": "extranjero", "es_argentina": false, "es_limite": false}}, {"type": "Feature", "id": "c756d3e10c054890", "geometry": {"type": "Point", "coordinates": [-72.275, -31.008]}, "properties": {"id": "c756d3e10c054890", "fecha": "21/09/2015", "hora": "12:37:02", "latitud": -31.008, "longitud": -72.275, "profundidad": 9.0, "magnitud": 6.1, "sentido": "Si", "ubicacion_original": "OCEANO PACIFICO", "ubicacion_normalizada": "Océano Pacífico", "provincia": null, "provincias": [], "pais": "Océano Pacífico", "tipo_ubicacion": "oceano", "es_argentina": false, "es_limite": false}}, {"type": "Feature", "id": "8d1b9693c3a371d8", "geometry": {"type": "Point", "coordinates": [-71.74, -31.76]}, "properties": {"id": "8d1b9693c3a371d8", "fecha": "21/09/2015", "hora": "02:39:08", "latitud": -31.76, "longitud": -71.74, "profundidad": 40.0, "magnitud": 6.2, "sentido": "Si", "ubicacion_original": "OCEANO PACIFICO", "ubicacion_normalizada": "Océano Pacífico", "provincia": null, "provincias": [], "pais": "Océano Pacífico", "tipo_ubicacion": "oceano", "es_argentina": false, "es_limite": false}}, {"type": "Feature", "id": "d0ccb3eac8b0fe28", "geometry": {"type": "Point", "coordinates": [-72.57, -32.28]}, "properties": {"id": "d0ccb3eac8b0fe28", "fecha": "19/09/2015", "hora": "09:52:17", "latitud": -32.28, "longitud": -72.57, "profundidad": 10.0, "magnitud": 6.3, "sentido": "Si", "ubicacion_original": "OCEANO PACIFICO", "ubicacion_normalizada": "Océano Pacífico", "provincia": null, "provincias": [], "pais": "Océano Pacífico", "tipo_ubicacion": "oceano", "es_argentina": false, "es_limite": false}}, {"type": "Feature", "id": "51dd08ed9259ebe0", "geometry": {"type": "Point", "coordinates": [-72.06, -31.59]}, "properties": {"id": "51dd08ed9259ebe0", "fecha": "17/09/2015", "hora": "01:10:28", "latitud": -31.59, "longitud": -72.06, "profundidad": 10.0, "magnitud": 6.7, "sentido": "Si", "ubicacion_original": "OCEANO PACIFICO", "ubicacion_normalizada": "Océano Pacífico", "provincia": null, "provincias": [], "pais": "Océano Pacífico", "tipo_ubicacion": "oceano", "es_argentina": false, "es_limite": false}}, {"type": "Feature", "id": "b2f971f3c2c2f32d", "geometry": {"type": "Point", "coordinates": [-71.33, -31.06]}, "properties": {"id": "b2f971f3c2c2f32d", "fecha": "17/09/2015", "hora": "00:55:07", "latitud": -31.06, "longitud": -71.33, "profundidad": 10.0, "magnitud": 6.1, "sentido": "Si", "ubicacion_original": "CHILE", "ubicacion_normalizada": "Chile", "provincia": null, "provincias": [], "pais": "Chile", "tipo_ubicacion": "extranjero", "es_argentina": false, "es_limite": false}}, {"type": "Feature", "id": "5dd92f42770e9567", "geometry": {"type": "Point", "coordinates": [-72.43, -31.99]}, "properties": {"id": "5dd92f42770e9567", "fecha": "16/09/2015", "hora": "22:33:06", "latitud": -31.99, "longitud": -72.43, "profundidad": 10.0, "magnitud": 6.3, "sentido": "Si", "ubicacion_original": "OCEANO PACIFICO", "ubicacion_normalizada": "Océano Pacífico", "provincia": null, "provincias": [], "pais": "Océano Pacífico", "tipo_ubicacion": "oceano", "es_argentina": false, "es_limite": false}}, {"type": "Feature", "id": "e182985a1bd5113b", "geometry": {"type": "Point", "coordinates": [-72.42, -30.98]}, "properties": {"id": "e182985a1bd5113b", "fecha": "16/09/2015", "hora": "21:50:02", "latitud": -30.98, "longitud": -72.42, "profundidad": 10.0, "magnitud": 6.1, "sentido": "Si", "ubicacion_original": "OCEANO PACIFICO", "ubicacion_normalizada": "Océano Pacífico", "provincia": null, "provincias": [], "pais": "Océano Pacífico", "tipo_ubicacion": "oceano", "es_argentina": false, "es_limite": false}}, {"type": "Feature", "id": "2fcb8da341f4d0a3", "geometry": {"type": "Point", "coordinates": [-71.95, -31.994]}, "properties": {"id": "2fcb8da341f4d0a3", "fecha": "16/09/2015", "hora": "20:38:04", "latitud": -31.994, "longitud": -71.95, "profundidad": 10.0, "magnitud": 6.2, "sentido": "Si", "ubicacion_original": "OCEANO PACIFICO", "ubicacion_normalizada": "Océano Pacífico", "provincia": null, "provincias": [], "pais": "Océano Pacífico", "tipo_ubicacion": "oceano", "es_argentina": false, "es_limite": false}}, {"type": "Feature", "id": "67a43d2fc2a103f5", "geometry": {"type": "Point", "coordinates": [-71.73, -31.63]}, "properties": {"id": "67a43d2fc2a103f5", "fecha": "16/09/2015", "hora": "20:18:43", "latitud": -31.63, "longitud": -71.73, "profundidad": 10.0, "magnitud": 7.6, "sentido": "Si", "ubicacion_original": "CHILE", "ubicacion_normalizada": "Chile", "provincia": null, "provincias": [], "pais": "Chile", "tipo_ubicacion": "extranjero", "es_argentina": false, "es_limite": false}}, {"type": "Feature", "id": "652a9a654e683af2", "geometry": {"type": "Point", "coordinates": [-72.29, -31.78]}, "properties": {"id": "652a9a654e683af2", "fecha": "16/09/2015", "hora": "20:16:08", "latitud": -31.78, "longitud": -72.29, "profundidad": 10.0, "magnitud": 6.8, "sentido": "Si", "ubicacion_original": "OCEANO PACIFICO", "ubicacion_normalizada": "Océano Pacífico", "provincia": null, "provincias": [], "pais": "Océano Pacífico", "tipo_ubicacion": "oceano", "es_argentina": false, "es_limite": false}}, {"type": "Feature", "id": "78ef585198e80d73", "geometry": {"type": "Point", "coordinates": [-71.677, -31.733]}, "properties": {"id": "78ef585198e80d73", "fecha": "16/09/2015", "hora": "20:03:59", "latitud": -31.733, "longitud": -71.677, "profundidad": 30.0, "magnitud": 6.1, "sentido": "Si", "ubicacion_original": "CHILE", "ubicacion_normalizada": "Chile", "provincia": null, "provincias": [], "pais": "Chile", "tipo_ubicacion": "extranjero", "es_argentina": false, "es_limite": false}}, {"type": "Feature", "id": "cd1d35d2463ac283", "geometry": {"type": "Point", "coordinates": [-71.745, -31.618]}, "properties": {"id": "cd1d35d2463ac283", "fecha": "16/09/2015", "hora": "19:59:16", "latitud": -31.618, "longitud": -71.745, "profundidad": 30.0, "magnitud": 7.1, "sentido": "Si", "ubicacion_original": "CHILE", "ubicacion_normalizada": "Chile", "provincia": null, "provincias": [], "pais": "Chile", "tipo_ubicacion": "extranjero", "es_argentina": false, "es_limite": false}}, {"type": "Feature", "id": "c09ca9c534e3de75", "geometry": {"type": "Point", "coordinates": [-72.27, -31.49]}, "properties": {"id": "c09ca9c534e3de75", "fecha": "16/09/2015", "hora": "19:54:26", "latitud": -31.49, "longitud": -72.27, "profundidad": 10.0, "magnitud": 8.3, "sentido": "Si", "ubicacion_original": "OCEANO PACIFICO", "ubicacion_normalizada": "Océano Pacífico", "provincia": null, "provincias": [], "pais": "Océano Pacífico", "tipo_ubicacion": "oceano", "es_argentina": false, "es_limite": false}}, {"type": "Feature", "id": "5efb953f3853a974", "geometry": {"type": "Point", "coordinates": [-71.605, -29.665]}, "properties": {"id": "5efb953f3853a974", "fecha": "23/08/2015", "hora": "20:10:01", "latitud": -29.665, "longitud": -71.605, "profundidad": 49.0, "magnitud": 6.0, "sentido": "Si", "ubicacion_original": "CHILE", "ubicacion_normalizada": "Chile", "provincia": null, "provincias": [], "pais": "Chile", "tipo_ubicacion": "extranjero", "es_argentina": false, "es_limite": false}}, {"type": "Feature", "id": "27c161d59eebc9a9", "geometry": {"type": "Point", "coordinates": [-66.746, -23.045]}, "properties": {"id": "27c161d59eebc9a9", "fecha": "11/02/2015", "hora": "15:57:18", "latitud": -23.045, "longitud": -66.746, "profundidad": 240.0, "magnitud": 6.3, "sentido": "Si", "ubicacion_original": "JUJUY", "ubicacion_normalizada": "Jujuy", "provincia": "Jujuy", "provincias": ["Jujuy"], "pais": "Argentina", "tipo_ubicacion": "provincia", "es_argentina": true, "es_limite": false}}, {"type": "Feature", "id": "0b523a2c80fb0631", "geometry": {"type": "Point", "coordinates": [-67.217, -32.613]}, "properties": {"id": "0b523a2c80fb0631", "fecha": "02/02/2015", "hora": "07:49:48", "latitud": -32.613, "longitud": -67.217, "profundidad": 178.0, "magnitud": 6.2, "sentido": "Si", "ubicacion_original": "SAN LUIS", "ubicacion_normalizada": "San Luis", "provincia": "San Luis", "provincias": ["San Luis"], "pais": "Argentina", "tipo_ubicacion": "provincia", "es_argentina": true, "es_limite": false}}, {"type": "Feature", "id": "2a46301b00817a7b", "geometry": {"type": "Point", "coordinates": [-71.558, -32.715]}, "properties": {"id": "2a46301b00817a7b", "fecha": "23/08/2014", "hora": "19:32:22", "latitud": -32.715, "longitud": -71.558, "profundidad": 10.0, "magnitud": 6.1, "sentido": "Si", "ubicacion_original": "CHILE", "ubicacion_normalizada": "Chile", "provincia": null, "provincias": [], "pais": "Chile", "tipo_ubicacion": "extranjero", "es_argentina": false, "es_limite": false}}, {"type": "Feature", "id": "b08c5e1464640ef7", "geometry": {"type": "Point", "coordinates": [-71.976, -30.237]}, "properties": {"id": "b08c5e1464640ef7", "fecha": "31/10/2013", "hora": "20:03:57", "latitud": -30.237, "longitud": -71.976, "profundidad": 56.0, "magnitud": 6.6, "sentido": "Si", "ubicacion_original": "REPUBLICA DE CHILE", "ubicacion_normalizada": "Chile", "provincia": null, "provincias": [], "pais": "Chile", "tipo_ubicacion": "extranjero", "es_argentina": false, "es_limite": false}}, {"type": "Feature", "id": "57fe9927bb3e3f2d", "geometry": {"type": "Point", "coordinates": [-63.0, -27.89]}, "properties": {"id": "57fe9927bb3e3f2d", "fecha": "22/02/2013", "hora": "09:02:02", "latitud": -27.89, "longitud": -63.0, "profundidad": 586.0, "magnitud": 6.1, "sentido": "Si", "ubicacion_original": "SANTIAGO DEL ESTERO", "ubicacion_normalizada": "Santiago del Estero", "provincia": "Santiago del Estero", "provincias": ["Santiago del Estero"], "pais": "Argentina", "tipo_ubicacion": "provincia", "es_argentina": true, "es_limite": false}}, {"type": "Feature", "id": "d95d543eb6ae65be", "geometry": {"type": "Point", "coordinates": [-70.885, -28.273]}, "properties": {"id": "d95d543eb6ae65be", "fecha": "30/01/2013", "hora": "17:15:43", "latitud": -28.273, "longitud": -70.885, "profundidad": 28.0, "magnitud": 6.6, "sentido": "Si", "ubicacion_original": "REPUBLICA DE CHILE", "ubicacion_normalizada": "Chile", "provincia": null, "provincias": [], "pais": "Chile", "tipo_ubicacion": "extranjero", "es_argentina": false, "es_limite": false}}, {"type": "Feature", "id": "2020808e378a7fd7", "geometry": {"type": "Point", "coordinates": [-71.496, -29.101]}, "properties": {"id": "2020808e378a7fd7", "fecha": "14/11/2012", "hora": "16:02:04", "latitud": -29.101, "longitud": -71.496, "profundidad": 64.0, "magnitud": 6.0, "sentido": "Si", "ubicacion_original": "REPUBLICA DE CHILE", "ubicacion_normalizada": "Chile", "provincia": null, "provincias": [], "pais": "Chile", "tipo_ubicacion": "extranjero", "es_argentina": false, "es_limite": false}}, {"type": "Feature", "id": "f2be368442d6fb5d", "geometry": {"type": "Point", "coordinates": [-63.687, -22.331]}, "properties": {"id": "f2be368442d6fb5d", "fecha": "02/06/2012", "hora": "04:52:48", "latitud": -22.331, "longitud": -63.687, "profundidad": 583.0, "magnitud": 6.5, "sentido": "No", "ubicacion_original": "SALTA", "ubicacion_normalizada": "Salta", "provincia": "Salta", "provincias": ["Salta"], "pais": "Argentina", "tipo_ubicacion": "provincia", "es_argentina": true, "es_limite": false}}, {"type": "Feature", "id": "0ad246c7296a698c", "geometry": {"type": "Point", "coordinates": [-63.138, -28.155]}, "properties": {"id": "0ad246c7296a698c", "fecha": "28/05/2012", "hora": "02:07:12", "latitud": -28.155, "longitud": -63.138, "profundidad": 662.0, "magnitud": 6.4, "sentido": "No", "ubicacion_original": "SANTIAGO DEL ESTERO", "ubicacion_normalizada": "Santiago del Estero", "provincia": "Santiago del Estero", "provincias": ["Santiago del Estero"], "pais": "Argentina", "tipo_ubicacion": "provincia", "es_argentina": true, "es_limite": false}}, {"type": "Feature", "id": "2e7c38d8fa9776c0", "geometry": {"type": "Point", "coordinates": [-71.743, -32.83]}, "properties": {"id": "2e7c38d8fa9776c0", "fecha": "17/04/2012", "hora": "00:50:14", "latitud": -32.83, "longitud": -71.743, "profundidad": 27.0, "magnitud": 6.5, "sentido": "Si", "ubicacion_original": "CHILE", "ubicacion_normalizada": "Chile", "provincia": null, "provincias": [], "pais": "Chile", "tipo_ubicacion": "extranjero", "es_argentina": false, "es_limite": false}}, {"type": "Feature", "id": "ff6fa13582229738", "geometry": {"type": "Point", "coordinates": [-65.41, -57.59]}, "properties": {"id": "ff6fa13582229738", "fecha": "14/04/2012", "hora": "07:56:10", "latitud": -57.59, "longitud": -65.41, "profundidad": 10.0, "magnitud": 6.0, "sentido": "No", "ubicacion_original": "ESTRECHO DE DRAKE", "ubicacion_normalizada": "Pasaje de Drake / Mar de Scotia", "provincia": null, "provincias": [], "pais": "Océano Antártico", "tipo_ubicacion": "oceano", "es_argentina": true, "es_limite": false}}, {"type": "Feature", "id": "457a88ceee69264c", "geometry": {"type": "Point", "coordinates": [-72.335, -35.135]}, "properties": {"id": "457a88ceee69264c", "fecha": "25/03/2012", "hora": "19:37:05", "latitud": -35.135, "longitud": -72.335, "profundidad": 48.0, "magnitud": 6.8, "sentido": "Si", "ubicacion_original": "MAULE - CHILE", "ubicacion_normalizada": "Chile", "provincia": null, "provincias": [], "pais": "Chile", "tipo_ubicacion": "extranjero", "es_argentina": false, "es_limite": true}}, {"type": "Feature", "id": "70f2d6e608be64c8", "geometry": {"type": "Point", "coordinates": [-63.089, -28.371]}, "properties": {"id": "70f2d6e608be64c8", "fecha": "05/03/2012", "hora": "04:46:01", "latitud": -28.371, "longitud": -63.089, "profundidad": 583.0, "magnitud": 6.0, "sentido": "No", "ubicacion_original": "SANTIAGO DEL ESTERO", "ubicacion_normalizada": "Santiago del Estero", "provincia": "Santiago del Estero", "provincias": ["Santiago del Estero"], "pais": "Argentina", "tipo_ubicacion": "provincia", "es_argentina": true, "es_limite": false}}, {"type": "Feature", "id": "c4321e159b1e5efb", "geometry": {"type": "Point", "coordinates": [-64.352, -24.248]}, "properties": {"id": "c4321e159b1e5efb", "fecha": "06/10/2011", "hora": "08:12:29", "latitud": -24.248, "longitud": -64.352, "profundidad": 8.0, "magnitud": 6.0, "sentido": "Si", "ubicacion_original": "JUJUY", "ubicacion_normalizada": "Jujuy", "provincia": "Jujuy", "provincias": ["Jujuy"], "pais": "Argentina", "tipo_ubicacion": "provincia", "es_argentina": true, "es_limite": false}}, {"type": "Feature", "id": "86054691c898a3f4", "geometry": {"type": "Point", "coordinates": [-63.019, -28.638]}, "properties": {"id": "86054691c898a3f4", "fecha": "02/09/2011", "hora": "10:47:01", "latitud": -28.638, "longitud": -63.019, "profundidad": 635.0, "magnitud": 6.9, "sentido": "Si", "ubicacion_original": "SANTIAGO DEL ESTERO", "ubicacion_normalizada": "Santiago del Estero", "provincia": "Santiago del Estero", "provincias": ["Santiago del Estero"], "pais": "Argentina", "tipo_ubicacion": "provincia", "es_argentina": true, "es_limite": false}}, {"type": "Feature", "id": "6038c98e8bbe2d69", "geometry": {"type": "Point", "coordinates": [-67.144, -29.485]}, "properties": {"id": "6038c98e8bbe2d69", "fecha": "15/09/2022", "hora": "19:38:25", "latitud": -29.485, "longitud": -67.144, "profundidad": 19.0, "magnitud": 2.9, "sentido": "Si", "ubicacion_original": "LA RIOJA", "ubicacion_normalizada": "La Rioja", "provincia": "La Rioja", "provincias": ["La Rioja"], "pais": "Argentina", "tipo_ubicacion": "provincia", "es_argentina": true, "es_limite": false}}, {"type": "Feature", "id": "d30d91d5891f0e34", "geometry": {"type": "Point", "coordinates": [-70.034, -32.01]}, "properties": {"id": "d30d91d5891f0e34", "fecha": "14/02/2012", "hora": "02:58:02", "latitud": -32.01, "longitud": -70.034, "profundidad": 103.0, "magnitud": 4.6, "sentido": "Si", "ubicacion_original": "SAN JUAN", "ubicacion_normalizada": "San Juan", "provincia": "San Juan", "provincias": ["San Juan"], "pais": "Argentina", "tipo_ubicacion": "provincia", "es_argentina": true, "es_limite": false}}, {"type": "Feature", "id": "97b12a0d5c159b0e", "geometry": {"type": "Point", "coordinates": [-65.95, -24.165]}, "properties": {"id": "97b12a0d5c159b0e", "fecha": "18/07/2011", "hora": "05:30:54", "latitud": -24.165, "longitud": -65.95, "profundidad": 14.0, "magnitud": 3.7, "sentido": "Si", "ubicacion_original": "SALTA", "ubicacion_normalizada": "Salta", "provincia": "Salta", "provincias": ["Salta"], "pais": "Argentina", "tipo_ubicacion": "provincia", "es_argentina": true, "es_limite": false}}, {"type": "Feature", "id": "e43825acef5c7528", "geometry": {"type": "Point", "coordinates": [-64.392, -33.017]}, "properties": {"id": "e43825acef5c7528", "fecha": "19/03/2016", "hora": "02:01:43", "latitud": -33.017, "longitud": -64.392, "profundidad": 25.0, "magnitud": 3.1, "sentido": "Si", "ubicacion_original": "CORDOBA", "ubicacion_normalizada": "Córdoba", "provincia": "Córdoba", "provincias": ["Córdoba"], "pais": "Argentina", "tipo_ubicacion": "provincia", "es_argentina": true, "es_limite": false}}, {"type": "Feature", "id": "6a13481051edd95a", "geometry": {"type": "Point", "coordinates": [-64.839, -31.443]}, "properties": {"id": "6a13481051edd95a", "fecha": "03/03/2022", "hora": "14:38:24", "latitud": -31.443, "longitud": -64.839, "profundidad": 30.0, "magnitud": 3.3, "sentido": "Si", "ubicacion_original": "CORDOBA", "ubicacion_normalizada": "Córdoba", "provincia": "Córdoba", "provincias": ["Córdoba"], "pais": "Argentina", "tipo_ubicacion": "provincia", "es_argentina": true, "es_limite": false}}, {"type": "Feature", "id": "71de67148791f933", "geometry": {"type": "Point", "coordinates": [-64.543, -30.518]}, "properties": {"id": "71de67148791f933", "fecha": "12/03/2022", "hora": "15:29:15", "latitud": -30.518, "longitud": -64.543, "profundidad": 7.0, "magnitud": 3.1, "sentido": "Si", "ubicacion_original": "CORDOBA", "ubicacion_normalizada": "Córdoba", "provincia": "Córdoba", "provincias": ["Córdoba"], "pais": "Argentina", "tipo_ubicacion": "provincia", "es_argentina": true, "es_limite": false}}, {"type": "Feature", "id": "91cc8165954f612d", "geometry": {"type": "Point", "coordinates": [-65.989, -28.272]}, "properties": {"id": "91cc8165954f612d", "fecha": "22/05/2013", "hora": "22:23:01", "latitud": -28.272, "longitud": -65.989, "profundidad": 13.0, "magnitud": 3.4, "sentido": "Si", "ubicacion_original": "CATAMARCA", "ubicacion_normalizada": "Catamarca", "provincia": "Catamarca", "provincias": ["Catamarca"], "pais": "Argentina", "tipo_ubicacion": "provincia", "es_argentina": true, "es_limite": false}}, {"type": "Feature", "id": "9a1d0596f48200a0", "geometry": {"type": "Point", "coordinates": [-68.946, -31.817]}, "properties": {"id": "9a1d0596f48200a0", "fecha": "19/01/2021", "hora": "03:31:37", "latitud": -31.817, "longitud": -68.946, "profundidad": 6.0, "magnitud": 3.0, "sentido": "Si", "ubicacion_original": "SAN JUAN", "ubicacion_normalizada": "San Juan", "provincia": "San Juan", "provincias": ["San Juan"], "pais": "Argentina", "tipo_ubicacion": "provincia", "es_argentina": true, "es_limite": false}}, {"type": "Feature", "id": "7a52a9992d0f897e", "geometry": {"type": "Point", "coordinates": [-66.859, -36.263]}, "properties": {"id": "7a52a9992d0f897e", "fecha": "07/03/2017", "hora": "21:07:02", "latitud": -36.263, "longitud": -66.859, "profundidad": 20.0, "magnitud": 3.6, "sentido": "Si", "ubicacion_original": "LA PAMPA", "ubicacion_normalizada": "La Pampa", "provincia": "La Pampa", "provincias": ["La Pampa"], "pais": "Argentina", "tipo_ubicacion": "provincia", "es_argentina": true, "es_limite": false}}, {"type": "Feature", "id": "3769e2c07652aad4", "geometry": {"type": "Point", "coordinates": [-71.771, -32.154]}, "properties": {"id": "3769e2c07652aad4", "fecha": "04/06/2019", "hora": "07:33:38", "latitud": -32.154, "longitud": -71.771, "profundidad": 24.0, "magnitud": 4.7, "sentido": "Si", "ubicacion_original": "CHILE", "ubicacion_normalizada": "Chile", "provincia": null, "provincias": [], "pais": "Chile", "tipo_ubicacion": "extranjero", "es_argentina": false, "es_limite": false}}, {"type": "Feature", "id": "68c8d501d1ae0763", "geometry": {"type": "Point", "coordinates": [-68.851, -29.176]}, "properties": {"id": "68c8d501d1ae0763", "fecha": "27/03/2014", "hora": "20:55:31", "latitud": -29.176, "longitud": -68.851, "profundidad": 10.0, "magnitud": 4.4, "sentido": "Si", "ubicacion_original": "LA RIOJA", "ubicacion_normalizada": "La Rioja", "provincia": "La Rioja", "provincias": ["La Rioja"], "pais": "Argentina", "tipo_ubicacion": "provincia", "es_argentina": true, "es_limite": false}}, {"type": "Feature", "id": "e18172b9ee1b6b64", "geometry": {"type": "Point", "coordinates": [-67.763, -31.632]}, "properties": {"id": "e18172b9ee1b6b64", "fecha": "05/08/2021", "hora": "21:48:12", "latitud": -31.632, "longitud": -67.763, "profundidad": 10.0, "magnitud": 3.3, "sentido": "Si", "ubicacion_original": "SAN JUAN", "ubicacion_normalizada": "San Juan", "provincia": "San Juan", "provincias": ["San Juan"], "pais": "Argentina", "tipo_ubicacion": "provincia", "es_argentina": true, "es_limite": false}}, {"type": "Feature", "id": "552c49d58c3336f5", "geometry": {"type": "Point", "coordinates": [-67.268, -30.879]}, "properties": {"id": "552c49d58c3336f5", "fecha": "02/05/2026", "hora": "18:26:00", "latitud": -30.879, "longitud": -67.268, "profundidad": 10.0, "magnitud": 2.5, "sentido": "Si", "ubicacion_original": "SAN JUAN", "ubicacion_normalizada": "San Juan", "provincia": "San Juan", "provincias": ["San Juan"], "pais": "Argentina", "tipo_ubicacion": "provincia", "es_argentina": true, "es_limite": false}}, {"type": "Feature", "id": "a6578ff830f936e8", "geometry": {"type": "Point", "coordinates": [-65.027, -32.066]}, "properties": {"id": "a6578ff830f936e8", "fecha": "23/06/2024", "hora": "17:49:08", "latitud": -32.066, "longitud": -65.027, "profundidad": 10.0, "magnitud": 2.5, "sentido": "Si", "ubicacion_original": "CORDOBA", "ubicacion_normalizada": "Córdoba", "provincia": "Córdoba", "provincias": ["Córdoba"], "pais": "Argentina", "tipo_ubicacion": "provincia", "es_argentina": true, "es_limite": false}}, {"type": "Feature", "id": "9b798334adcdc142", "geometry": {"type": "Point", "coordinates": [-68.372, -32.922]}, "properties": {"id": "9b798334adcdc142", "fecha": "04/05/2019", "hora": "02:55:10", "latitud": -32.922, "longitud": -68.372, "profundidad": 15.0, "magnitud": 3.3, "sentido": "Si", "ubicacion_original": "MENDOZA", "ubicacion_normalizada": "Mendoza", "provincia": "Mendoza", "provincias": ["Mendoza"], "pais": "Argentina", "tipo_ubicacion": "provincia", "es_argentina": true, "es_limite": false}}, {"type": "Feature", "id": "ac56e86a51c92706", "geometry": {"type": "Point", "coordinates": [-68.963, -31.834]}, "properties": {"id": "ac56e86a51c92706", "fecha": "23/02/2021", "hora": "12:40:54", "latitud": -31.834, "longitud": -68.963, "profundidad": 8.0, "magnitud": 3.1, "sentido": "Si", "ubicacion_original": "SAN JUAN", "ubicacion_normalizada": "San Juan", "provincia": "San Juan", "provincias": ["San Juan"], "pais": "Argentina", "tipo_ubicacion": "provincia", "es_argentina": true, "es_limite": false}}, {"type": "Feature", "id": "6402ed257ed441ea", "geometry": {"type": "Point", "coordinates": [-64.805, -31.484]}, "properties": {"id": "6402ed257ed441ea", "fecha": "10/07/2016", "hora": "07:34:09", "latitud": -31.484, "longitud": -64.805, "profundidad": 53.0, "magnitud": 3.5, "sentido": "Si", "ubicacion_original": "CORDOBA", "ubicacion_normalizada": "Córdoba", "provincia": "Córdoba", "provincias": ["Córdoba"], "pais": "Argentina", "tipo_ubicacion": "provincia", "es_argentina": true, "es_limite": false}}, {"type": "Feature", "id": "3ded00ff0d372df7", "geometry": {"type": "Point", "coordinates": [-63.34, -27.049]}, "properties": {"id": "3ded00ff0d372df7", "fecha": "23/08/2023", "hora": "11:22:37", "latitud": -27.049, "longitud": -63.34, "profundidad": 603.0, "magnitud": 5.8, "sentido": "Si", "ubicacion_original": "SANTIAGO DEL ESTERO", "ubicacion_normalizada": "Santiago del Estero", "provincia": "Santiago del Estero", "provincias": ["Santiago del Estero"], "pais": "Argentina", "tipo_ubicacion": "provincia", "es_argentina": true, "es_limite": false}}, {"type": "Feature", "id": "bd4099e0b143f488", "geometry": {"type": "Point", "coordinates": [-64.782, -32.757]}, "properties": {"id": "bd4099e0b143f488", "fecha": "18/02/2020", "hora": "01:44:12", "latitud": -32.757, "longitud": -64.782, "profundidad": 24.0, "magnitud": 2.5, "sentido": "Si", "ubicacion_original": "CORDOBA", "ubicacion_normalizada": "Córdoba", "provincia": "Córdoba", "provincias": ["Córdoba"], "pais": "Argentina", "tipo_ubicacion": "provincia", "es_argentina": true, "es_limite": false}}, {"type": "Feature", "id": "b2dd7e1e7723652e", "geometry": {"type": "Point", "coordinates": [-65.143, -32.392]}, "properties": {"id": "b2dd7e1e7723652e", "fecha": "05/10/2025", "hora": "11:39:35", "latitud": -32.392, "longitud": -65.143, "profundidad": 22.0, "magnitud": 2.4, "sentido": "Si", "ubicacion_original": "SAN LUIS", "ubicacion_normalizada": "San Luis", "provincia": "San Luis", "provincias": ["San Luis"], "pais": "Argentina", "tipo_ubicacion": "provincia", "es_argentina": true, "es_limite": false}}, {"type": "Feature", "id": "93dd78178acedb66", "geometry": {"type": "Point", "coordinates": [-68.93, -31.763]}, "properties": {"id": "93dd78178acedb66", "fecha": "05/02/2021", "hora": "17:22:32", "latitud": -31.763, "longitud": -68.93, "profundidad": 8.0, "magnitud": 3.2, "sentido": "Si", "ubicacion_original": "SAN JUAN", "ubicacion_normalizada": "San Juan", "provincia": "San Juan", "provincias": ["San Juan"], "pais": "Argentina", "tipo_ubicacion": "provincia", "es_argentina": true, "es_limite": false}}, {"type": "Feature", "id": "161dd0b8f980bab0", "geometry": {"type": "Point", "coordinates": [-68.801, -38.328]}, "properties": {"id": "161dd0b8f980bab0", "fecha": "30/05/2026", "hora": "10:01:00", "latitud": -38.328, "longitud": -68.801, "profundidad": 5.0, "magnitud": 2.6, "sentido": "Si", "ubicacion_original": "NEUQUEN", "ubicacion_normalizada": "Neuquén", "provincia": "Neuquén", "provincias": ["Neuquén"], "pais": "Argentina", "tipo_ubicacion": "provincia", "es_argentina": true, "es_limite": false}}, {"type": "Feature", "id": "352c3918dcc39973", "geometry": {"type": "Point", "coordinates": [-70.4, -35.325]}, "properties": {"id": "352c3918dcc39973", "fecha": "11/07/2024", "hora": "05:03:08", "latitud": -35.325, "longitud": -70.4, "profundidad": 11.0, "magnitud": 2.8, "sentido": "Si", "ubicacion_original": "MENDOZA", "ubicacion_normalizada": "Mendoza", "provincia": "Mendoza", "provincias": ["Mendoza"], "pais": "Argentina", "tipo_ubicacion": "provincia", "es_argentina": true, "es_limite": false}}, {"type": "Feature", "id": "f13529c7771546e4", "geometry": {"type": "Point", "coordinates": [-69.358, -37.476]}, "properties": {"id": "f13529c7771546e4", "fecha": "19/12/2025", "hora": "16:23:49", "latitud": -37.476, "longitud": -69.358, "profundidad": 10.0, "magnitud": 3.9, "sentido": "Si", "ubicacion_original": "NEUQUEN", "ubicacion_normalizada": "Neuquén", "provincia": "Neuquén", "provincias": ["Neuquén"], "pais": "Argentina", "tipo_ubicacion": "provincia", "es_argentina": true, "es_limite": false}}, {"type": "Feature", "id": "ec559ca8b75cf352", "geometry": {"type": "Point", "coordinates": [-69.227, -30.579]}, "properties": {"id": "ec559ca8b75cf352", "fecha": "15/04/2023", "hora": "03:14:09", "latitud": -30.579, "longitud": -69.227, "profundidad": 12.0, "magnitud": 2.8, "sentido": "Si", "ubicacion_original": "SAN JUAN", "ubicacion_normalizada": "San Juan", "provincia": "San Juan", "provincias": ["San Juan"], "pais": "Argentina", "tipo_ubicacion": "provincia", "es_argentina": true, "es_limite": false}}, {"type": "Feature", "id": "5fbb4f0feefd396f", "geometry": {"type": "Point", "coordinates": [-69.286, -32.599]}, "properties": {"id": "5fbb4f0feefd396f", "fecha": "01/07/2024", "hora": "10:04:09", "latitud": -32.599, "longitud": -69.286, "profundidad": 14.0, "magnitud": 4.3, "sentido": "Si", "ubicacion_original": "MENDOZA", "ubicacion_normalizada": "Mendoza", "provincia": "Mendoza", "provincias": ["Mendoza"], "pais": "Argentina", "tipo_ubicacion": "provincia", "es_argentina": true, "es_limite": false}}, {"type": "Feature", "id": "4923bcc67e5d6056", "geometry": {"type": "Point", "coordinates": [-68.406, -33.265]}, "properties": {"id": "4923bcc67e5d6056", "fecha": "16/07/2026", "hora": "01:34:00", "latitud": -33.265, "longitud": -68.406, "profundidad": 6.0, "magnitud": 2.5, "sentido": "Si", "ubicacion_original": "MENDOZA", "ubicacion_normalizada": "Mendoza", "provincia": "Mendoza", "provincias": ["Mendoza"], "pais": "Argentina", "tipo_ubicacion": "provincia", "es_argentina": true, "es_limite": false}}, {"type": "Feature", "id": "e2fb03b9ea5af8c4", "geometry": {"type": "Point", "coordinates": [-72.335, -51.423]}, "properties": {"id": "e2fb03b9ea5af8c4", "fecha": "11/02/2026", "hora": "05:16:04", "latitud": -51.423, "longitud": -72.335, "profundidad": 25.0, "magnitud": 4.5, "sentido": "Si", "ubicacion_original": "SUR DE CHILE", "ubicacion_normalizada": "Chile", "provincia": null, "provincias": [], "pais": "Chile", "tipo_ubicacion": "extranjero", "es_argentina": false, "es_limite": false}}, {"type": "Feature", "id": "2a67819491ddd04f", "geometry": {"type": "Point", "coordinates": [-69.166, -31.36]}, "properties": {"id": "2a67819491ddd04f", "fecha": "02/08/2026", "hora": "19:07:00", "latitud": -31.36, "longitud": -69.166, "profundidad": 113.0, "magnitud": 3.8, "sentido": "Si", "ubicacion_original": "SAN JUAN", "ubicacion_normalizada": "San Juan", "provincia": "San Juan", "provincias": ["San Juan"], "pais": "Argentina", "tipo_ubicacion": "provincia", "es_argentina": true, "es_limite": false}}, {"type": "Feature", "id": "e0fa49d5db249f39", "geometry": {"type": "Point", "coordinates": [-66.295, -28.453]}, "properties": {"id": "e0fa49d5db249f39", "fecha": "06/09/2023", "hora": "23:15:35", "latitud": -28.453, "longitud": -66.295, "profundidad": 19.0, "magnitud": 3.2, "sentido": "Si", "ubicacion_original": "CATAMARCA", "ubicacion_normalizada": "Catamarca", "provincia": "Catamarca", "provincias": ["Catamarca"], "pais": "Argentina", "tipo_ubicacion": "provincia", "es_argentina": true, "es_limite": false}}, {"type": "Feature", "id": "c1187d0aa8f43c04", "geometry": {"type": "Point", "coordinates": [-65.064, -31.836]}, "properties": {"id": "c1187d0aa8f43c04", "fecha": "18/02/2024", "hora": "05:59:01", "latitud": -31.836, "longitud": -65.064, "profundidad": 17.0, "magnitud": 3.2, "sentido": "Si", "ubicacion_original": "CORDOBA", "ubicacion_normalizada": "Córdoba", "provincia": "Córdoba", "provincias": ["Córdoba"], "pais": "Argentina", "tipo_ubicacion": "provincia", "es_argentina": true, "es_limite": false}}, {"type": "Feature", "id": "39c454784338baf9", "geometry": {"type": "Point", "coordinates": [-64.552, -25.429]}, "properties": {"id": "39c454784338baf9", "fecha": "17/05/2020", "hora": "11:33:12", "latitud": -25.429, "longitud": -64.552, "profundidad": 12.0, "magnitud": 3.6, "sentido": "Si", "ubicacion_original": "SALTA", "ubicacion_normalizada": "Salta", "provincia": "Salta", "provincias": ["Salta"], "pais": "Argentina", "tipo_ubicacion": "provincia", "es_argentina": true, "es_limite": false}}, {"type": "Feature", "id": "7630002fe261e608", "geometry": {"type": "Point", "coordinates": [-69.165, -28.222]}, "properties": {"id": "7630002fe261e608", "fecha": "28/01/2018", "hora": "07:11:28", "latitud": -28.222, "longitud": -69.165, "profundidad": 114.0, "magnitud": 5.2, "sentido": "Si", "ubicacion_original": "LA RIOJA", "ubicacion_normalizada": "La Rioja", "provincia": "La Rioja", "provincias": ["La Rioja"], "pais": "Argentina", "tipo_ubicacion": "provincia", "es_argentina": true, "es_limite": false}}, {"type": "Feature", "id": "6941c05dda0d0017", "geometry": {"type": "Point", "coordinates": [-71.759, -31.071]}, "properties": {"id": "6941c05dda0d0017", "fecha": "04/02/2016", "hora": "14:55:01", "latitud": -31.071, "longitud": -71.759, "profundidad": 31.0, "magnitud": 5.1, "sentido": "Si", "ubicacion_original": "CHILE", "ubicacion_normalizada": "Chile", "provincia": null, "provincias": [], "pais": "Chile", "tipo_ubicacion": "extranjero", "es_argentina": false, "es_limite": false}}, {"type": "Feature", "id": "ac27783d1714eec2", "geometry": {"type": "Point", "coordinates": [-64.457, -35.59]}, "properties": {"id": "ac27783d1714eec2", "fecha": "28/06/2019", "hora": "07:36:24", "latitud": -35.59, "longitud": -64.457, "profundidad": 18.0, "magnitud": 3.2, "sentido": "Si", "ubicacion_original": "LA PAMPA", "ubicacion_normalizada": "La Pampa", "provincia": "La Pampa", "provincias": ["La Pampa"], "pais": "Argentina", "tipo_ubicacion": "provincia", "es_argentina": true, "es_limite": false}}, {"type": "Feature", "id": "7061240929fd6dc0", "geometry": {"type": "Point", "coordinates": [-67.876, -28.992]}, "properties": {"id": "7061240929fd6dc0", "fecha": "18/11/2023", "hora": "11:01:14", "latitud": -28.992, "longitud": -67.876, "profundidad": 11.0, "magnitud": 3.8, "sentido": "Si", "ubicacion_original": "LA RIOJA", "ubicacion_normalizada": "La Rioja", "provincia": "La Rioja", "provincias": ["La Rioja"], "pais": "Argentina", "tipo_ubicacion": "provincia", "es_argentina": true, "es_limite": false}}, {"type": "Feature", "id": "ded3fa12894eaea2", "geometry": {"type": "Point", "coordinates": [-71.638, -30.533]}, "properties": {"id": "ded3fa12894eaea2", "fecha": "12/01/2023", "hora": "03:19:07", "latitud": -30.533, "longitud": -71.638, "profundidad": 25.0, "magnitud": 5.7, "sentido": "Si", "ubicacion_original": "CHILE", "ubicacion_normalizada": "Chile", "provincia": null, "provincias": [], "pais": "Chile", "tipo_ubicacion": "extranjero", "es_argentina": false, "es_limite": false}}, {"type": "Feature", "id": "6af7523741c1c4db", "geometry": {"type": "Point", "coordinates": [-65.071, -31.885]}, "properties": {"id": "6af7523741c1c4db", "fecha": "25/07/2011", "hora": "09:04:04", "latitud": -31.885, "longitud": -65.071, "profundidad": 14.0, "magnitud": 3.0, "sentido": "Si", "ubicacion_original": "CORDOBA", "ubicacion_normalizada": "Córdoba", "provincia": "Córdoba", "provincias": ["Córdoba"], "pais": "Argentina", "tipo_ubicacion": "provincia", "es_argentina": true, "es_limite": false}}, {"type": "Feature", "id": "731bb39fa1819bf3", "geometry": {"type": "Point", "coordinates": [-70.39, -25.184]}, "properties": {"id": "731bb39fa1819bf3", "fecha": "30/10/2016", "hora": "01:49:39", "latitud": -25.184, "longitud": -70.39, "profundidad": 60.0, "magnitud": 5.3, "sentido": "No", "ubicacion_original": "CHILE", "ubicacion_normalizada": "Chile", "provincia": null, "provincias": [], "pais": "Chile", "tipo_ubicacion": "extranjero", "es_argentina": false, "es_limite": false}}, {"type": "Feature", "id": "05727e71569e2704", "geometry": {"type": "Point", "coordinates": [-71.473, -28.7]}, "properties": {"id": "05727e71569e2704", "fecha": "13/06/2019", "hora": "13:12:29", "latitud": -28.7, "longitud": -71.473, "profundidad": 60.0, "magnitud": 4.6, "sentido": "Si", "ubicacion_original": "CHILE", "ubicacion_normalizada": "Chile", "provincia": null, "provincias": [], "pais": "Chile", "tipo_ubicacion": "extranjero", "es_argentina": false, "es_limite": false}}, {"type": "Feature", "id": "5f62d6ade5cfaa24", "geometry": {"type": "Point", "coordinates": [-71.71, -30.63]}, "properties": {"id": "5f62d6ade5cfaa24", "fecha": "02/11/2015", "hora": "22:43:25", "latitud": -30.63, "longitud": -71.71, "profundidad": 30.0, "magnitud": 5.0, "sentido": "Si", "ubicacion_original": "CHILE", "ubicacion_normalizada": "Chile", "provincia": null, "provincias": [], "pais": "Chile", "tipo_ubicacion": "extranjero", "es_argentina": false, "es_limite": false}}, {"type": "Feature", "id": "c0282b4b2eb86c67", "geometry": {"type": "Point", "coordinates": [-72.114, -40.837]}, "properties": {"id": "c0282b4b2eb86c67", "fecha": "26/09/2019", "hora": "13:36:17", "latitud": -40.837, "longitud": -72.114, "profundidad": 146.0, "magnitud": 5.9, "sentido": "Si", "ubicacion_original": "CHILE", "ubicacion_normalizada": "Chile", "provincia": null, "provincias": [], "pais": "Chile", "tipo_ubicacion": "extranjero", "es_argentina": false, "es_limite": false}}, {"type": "Feature", "id": "7b88ccc782a0f675", "geometry": {"type": "Point", "coordinates": [-71.59, -26.786]}, "properties": {"id": "7b88ccc782a0f675", "fecha": "13/01/2022", "hora": "15:19:34", "latitud": -26.786, "longitud": -71.59, "profundidad": 25.0, "magnitud": 5.2, "sentido": "Si", "ubicacion_original": "OCEANO PACIFICO", "ubicacion_normalizada": "Océano Pacífico", "provincia": null, "provincias": [], "pais": "Océano Pacífico", "tipo_ubicacion": "oceano", "es_argentina": false, "es_limite": false}}, {"type": "Feature", "id": "afd8e7043c24720d", "geometry": {"type": "Point", "coordinates": [-72.0, -36.21]}, "properties": {"id": "afd8e7043c24720d", "fecha": "27/03/2017", "hora": "00:03:31", "latitud": -36.21, "longitud": -72.0, "profundidad": 109.0, "magnitud": 5.0, "sentido": "No", "ubicacion_original": "CHILE", "ubicacion_normalizada": "Chile", "provincia": null, "provincias": [], "pais": "Chile", "tipo_ubicacion": "extranjero", "es_argentina": false, "es_limite": false}}, {"type": "Feature", "id": "4951b536b80c3c0f", "geometry": {"type": "Point", "coordinates": [-72.009, -30.824]}, "properties": {"id": "4951b536b80c3c0f", "fecha": "08/12/2015", "hora": "09:56:03", "latitud": -30.824, "longitud": -72.009, "profundidad": 10.0, "magnitud": 5.7, "sentido": "Si", "ubicacion_original": "OCEANO PACIFICO", "ubicacion_normalizada": "Océano Pacífico", "provincia": null, "provincias": [], "pais": "Océano Pacífico", "tipo_ubicacion": "oceano", "es_argentina": false, "es_limite": false}}, {"type": "Feature", "id": "a4b273d41e48ea25", "geometry": {"type": "Point", "coordinates": [-72.036, -32.714]}, "properties": {"id": "a4b273d41e48ea25", "fecha": "31/07/2021", "hora": "09:14:21", "latitud": -32.714, "longitud": -72.036, "profundidad": 11.0, "magnitud": 5.0, "sentido": "No", "ubicacion_original": "OCEANO PACIFICO", "ubicacion_normalizada": "Océano Pacífico", "provincia": null, "provincias": [], "pais": "Océano Pacífico", "tipo_ubicacion": "oceano", "es_argentina": false, "es_limite": false}}, {"type": "Feature", "id": "30fe53da65365614", "geometry": {"type": "Point", "coordinates": [-72.068, -29.397]}, "properties": {"id": "30fe53da65365614", "fecha": "25/11/2015", "hora": "17:57:59", "latitud": -29.397, "longitud": -72.068, "profundidad": 10.0, "magnitud": 4.6, "sentido": "No", "ubicacion_original": "OCEANO PACIFICO", "ubicacion_normalizada": "Océano Pacífico", "provincia": null, "provincias": [], "pais": "Océano Pacífico", "tipo_ubicacion": "oceano", "es_argentina": false, "es_limite": false}}, {"type": "Feature", "id": "e4c2dc3edf2a37f9", "geometry": {"type": "Point", "coordinates": [-71.741, -31.57]}, "properties": {"id": "e4c2dc3edf2a37f9", "fecha": "21/11/2018", "hora": "08:42:55", "latitud": -31.57, "longitud": -71.741, "profundidad": 18.0, "magnitud": 4.8, "sentido": "Si", "ubicacion_original": "CHILE", "ubicacion_normalizada": "Chile", "provincia": null, "provincias": [], "pais": "Chile", "tipo_ubicacion": "extranjero", "es_argentina": false, "es_limite": false}}, {"type": "Feature", "id": "bf5cd157188e9681", "geometry": {"type": "Point", "coordinates": [-71.237, -26.101]}, "properties": {"id": "bf5cd157188e9681", "fecha": "13/10/2020", "hora": "14:16:14", "latitud": -26.101, "longitud": -71.237, "profundidad": 28.0, "magnitud": 5.0, "sentido": "No", "ubicacion_original": "OCEANO PACIFICO", "ubicacion_normalizada": "Océano Pacífico", "provincia": null, "provincias": [], "pais": "Océano Pacífico", "tipo_ubicacion": "oceano", "es_argentina": false, "es_limite": false}}, {"type": "Feature", "id": "28651a1c2b81fc47", "geometry": {"type": "Point", "coordinates": [-71.502, -32.005]}, "properties": {"id": "28651a1c2b81fc47", "fecha": "06/06/2016", "hora": "03:53:11", "latitud": -32.005, "longitud": -71.502, "profundidad": 45.0, "magnitud": 4.3, "sentido": "No", "ubicacion_original": "CHILE", "ubicacion_normalizada": "Chile", "provincia": null, "provincias": [], "pais": "Chile", "tipo_ubicacion": "extranjero", "es_argentina": false, "es_limite": false}}, {"type": "Feature", "id": "a074a0573b201c3b", "geometry": {"type": "Point", "coordinates": [-72.232, -32.07]}, "properties": {"id": "a074a0573b201c3b", "fecha": "15/10/2012", "hora": "22:16:49", "latitud": -32.07, "longitud": -72.232, "profundidad": 9.0, "magnitud": 3.7, "sentido": "No", "ubicacion_original": NaN, "ubicacion_normalizada": "Desconocido", "provincia": null, "provincias": [], "pais": "Desconocido", "tipo_ubicacion": "desconocido", "es_argentina": false, "es_limite": false}}, {"type": "Feature", "id": "2e013edcc7fd5b9d", "geometry": {"type": "Point", "coordinates": [-67.539, -22.28]}, "properties": {"id": "2e013edcc7fd5b9d", "fecha": "28/08/2021", "hora": "09:57:46", "latitud": -22.28, "longitud": -67.539, "profundidad": 190.0, "magnitud": 5.0, "sentido": "No", "ubicacion_original": "BOLIVIA", "ubicacion_normalizada": "Bolivia", "provincia": null, "provincias": [], "pais": "Bolivia", "tipo_ubicacion": "extranjero", "es_argentina": false, "es_limite": false}}, {"type": "Feature", "id": "00966732a54630e3", "geometry": {"type": "Point", "coordinates": [-73.126, -33.821]}, "properties": {"id": "00966732a54630e3", "fecha": "01/07/2025", "hora": "22:39:00", "latitud": -33.821, "longitud": -73.126, "profundidad": 15.0, "magnitud": 5.4, "sentido": "Si", "ubicacion_original": "OCEANO PACIFICO", "ubicacion_normalizada": "Océano Pacífico", "provincia": null, "provincias": [], "pais": "Océano Pacífico", "tipo_ubicacion": "oceano", "es_argentina": false, "es_limite": false}}, {"type": "Feature", "id": "889c067ca05007db", "geometry": {"type": "Point", "coordinates": [-72.318, -34.142]}, "properties": {"id": "889c067ca05007db", "fecha": "02/07/2020", "hora": "09:35:44", "latitud": -34.142, "longitud": -72.318, "profundidad": 14.0, "magnitud": 5.1, "sentido": "Si", "ubicacion_original": "CHILE", "ubicacion_normalizada": "Chile", "provincia": null, "provincias": [], "pais": "Chile", "tipo_ubicacion": "extranjero", "es_argentina": false, "es_limite": false}}, {"type": "Feature", "id": "d16a62726047eca9", "geometry": {"type": "Point", "coordinates": [-72.234, -31.187]}, "properties": {"id": "d16a62726047eca9", "fecha": "16/03/2016", "hora": "00:49:30", "latitud": -31.187, "longitud": -72.234, "profundidad": 40.0, "magnitud": 5.5, "sentido": "No", "ubicacion_original": "OCEANO PACIFICO", "ubicacion_normalizada": "Océano Pacífico", "provincia": null, "provincias": [], "pais": "Océano Pacífico", "tipo_ubicacion": "oceano", "es_argentina": false, "es_limite": false}}, {"type": "Feature", "id": "7b31ff098bdfde27", "geometry": {"type": "Point", "coordinates": [-72.64, -30.945]}, "properties": {"id": "7b31ff098bdfde27", "fecha": "02/10/2015", "hora": "13:33:30", "latitud": -30.945, "longitud": -72.64, "profundidad": 30.0, "magnitud": 4.6, "sentido": "No", "ubicacion_original": "OCEANO PACIFICO", "ubicacion_normalizada": "Océano Pacífico", "provincia": null, "provincias": [], "pais": "Océano Pacífico", "tipo_ubicacion": "oceano", "es_argentina": false, "es_limite": false}}, {"type": "Feature", "id": "52b852815f21c3c9", "geometry": {"type": "Point", "coordinates": [-67.05, -18.995]}, "properties": {"id": "52b852815f21c3c9", "fecha": "03/11/2024", "hora": "18:18:38", "latitud": -18.995, "longitud": -67.05, "profundidad": 295.0, "magnitud": 5.0, "sentido": "No", "ubicacion_original": "BOLIVIA", "ubicacion_normalizada": "Bolivia", "provincia": null, "provincias": [], "pais": "Bolivia", "tipo_ubicacion": "extranjero", "es_argentina": false, "es_limite": false}}, {"type": "Feature", "id": "cb2f266c755109e4", "geometry": {"type": "Point", "coordinates": [-68.996, -20.791]}, "properties": {"id": "cb2f266c755109e4", "fecha": "06/05/2024", "hora": "03:30:30", "latitud": -20.791, "longitud": -68.996, "profundidad": 119.0, "magnitud": 4.7, "sentido": "No", "ubicacion_original": "CHILE", "ubicacion_normalizada": "Chile", "provincia": null, "provincias": [], "pais": "Chile", "tipo_ubicacion": "extranjero", "es_argentina": false, "es_limite": false}}, {"type": "Feature", "id": "40c17dd83db788c8", "geometry": {"type": "Point", "coordinates": [-71.488, -29.634]}, "properties": {"id": "40c17dd83db788c8", "fecha": "28/06/2025", "hora": "06:58:00", "latitud": -29.634, "longitud": -71.488, "profundidad": 26.0, "magnitud": 4.7, "sentido": "Si", "ubicacion_original": "CHILE", "ubicacion_normalizada": "Chile", "provincia": null, "provincias": [], "pais": "Chile", "tipo_ubicacion": "extranjero", "es_argentina": false, "es_limite": false}}, {"type": "Feature", "id": "d1f79aaa60d0e8cb", "geometry": {"type": "Point", "coordinates": [-66.822, -24.1]}, "properties": {"id": "d1f79aaa60d0e8cb", "fecha": "07/03/2013", "hora": "18:31:42", "latitud": -24.1, "longitud": -66.822, "profundidad": 218.0, "magnitud": 2.8, "sentido": "No", "ubicacion_original": "LIMITE JUJUY - SALTA", "ubicacion_normalizada": "Límite Salta - Jujuy", "provincia": "Salta", "provincias": ["Salta", "Jujuy"], "pais": "Argentina", "tipo_ubicacion": "limite_interprovincial", "es_argentina": true, "es_limite": true}}, {"type": "Feature", "id": "be3c495550cc27d2", "geometry": {"type": "Point", "coordinates": [-68.962, -23.089]}, "properties": {"id": "be3c495550cc27d2", "fecha": "31/12/2022", "hora": "00:31:43", "latitud": -23.089, "longitud": -68.962, "profundidad": 104.0, "magnitud": 5.4, "sentido": "No", "ubicacion_original": "CHILE", "ubicacion_normalizada": "Chile", "provincia": null, "provincias": [], "pais": "Chile", "tipo_ubicacion": "extranjero", "es_argentina": false, "es_limite": false}}, {"type": "Feature", "id": "ce2b18d9e634e515", "geometry": {"type": "Point", "coordinates": [-70.143, -32.924]}, "properties": {"id": "ce2b18d9e634e515", "fecha": "17/04/2016", "hora": "06:17:03", "latitud": -32.924, "longitud": -70.143, "profundidad": 108.0, "magnitud": 3.1, "sentido": "No", "ubicacion_original": "LIM. ARG-CHILE", "ubicacion_normalizada": "Límite Argentina - Chile", "provincia": null, "provincias": [], "pais": "Argentina / Chile", "tipo_ubicacion": "limite_internacional", "es_argentina": true, "es_limite": true}}, {"type": "Feature", "id": "ae6512835ed3ca6b", "geometry": {"type": "Point", "coordinates": [-71.534, -30.091]}, "properties": {"id": "ae6512835ed3ca6b", "fecha": "21/01/2019", "hora": "21:41:19", "latitud": -30.091, "longitud": -71.534, "profundidad": 37.0, "magnitud": 4.3, "sentido": "Si", "ubicacion_original": "CHILE", "ubicacion_normalizada": "Chile", "provincia": null, "provincias": [], "pais": "Chile", "tipo_ubicacion": "extranjero", "es_argentina": false, "es_limite": false}}, {"type": "Feature", "id": "e9babf59cdf8c574", "geometry": {"type": "Point", "coordinates": [-70.573, -21.396]}, "properties": {"id": "e9babf59cdf8c574", "fecha": "04/11/2019", "hora": "10:03:37", "latitud": -21.396, "longitud": -70.573, "profundidad": 34.0, "magnitud": 5.1, "sentido": "No", "ubicacion_original": "CHILE", "ubicacion_normalizada": "Chile", "provincia": null, "provincias": [], "pais": "Chile", "tipo_ubicacion": "extranjero", "es_argentina": false, "es_limite": false}}, {"type": "Feature", "id": "58864186696768c8", "geometry": {"type": "Point", "coordinates": [-71.646, -27.828]}, "properties": {"id": "58864186696768c8", "fecha": "01/09/2020", "hora": "07:31:48", "latitud": -27.828, "longitud": -71.646, "profundidad": 7.0, "magnitud": 5.6, "sentido": "Si", "ubicacion_original": "OCEANO PACIFICO", "ubicacion_normalizada": "Océano Pacífico", "provincia": null, "provincias": [], "pais": "Océano Pacífico", "tipo_ubicacion": "oceano", "es_argentina": false, "es_limite": false}}, {"type": "Feature", "id": "5099be61eda6b604", "geometry": {"type": "Point", "coordinates": [-70.145, -32.817]}, "properties": {"id": "5099be61eda6b604", "fecha": "24/04/2025", "hora": "12:12:00", "latitud": -32.817, "longitud": -70.145, "profundidad": 119.0, "magnitud": 4.1, "sentido": "No", "ubicacion_original": "CHILE", "ubicacion_normalizada": "Chile", "provincia": null, "provincias": [], "pais": "Chile", "tipo_ubicacion": "extranjero", "es_argentina": false, "es_limite": false}}, {"type": "Feature", "id": "711b163f64a1fff9", "geometry": {"type": "Point", "coordinates": [-68.429, -21.848]}, "properties": {"id": "711b163f64a1fff9", "fecha": "07/08/2021", "hora": "15:31:04", "latitud": -21.848, "longitud": -68.429, "profundidad": 142.0, "magnitud": 5.2, "sentido": "No", "ubicacion_original": "CHILE", "ubicacion_normalizada": "Chile", "provincia": null, "provincias": [], "pais": "Chile", "tipo_ubicacion": "extranjero", "es_argentina": false, "es_limite": false}}, {"type": "Feature", "id": "d95d6ce835e661ff", "geometry": {"type": "Point", "coordinates": [-68.585, -31.188]}, "properties": {"id": "d95d6ce835e661ff", "fecha": "09/08/2026", "hora": "11:12:00", "latitud": -31.188, "longitud": -68.585, "profundidad": 108.0, "magnitud": 3.1, "sentido": "No", "ubicacion_original": "SAN JUAN", "ubicacion_normalizada": "San Juan", "provincia": "San Juan", "provincias": ["San Juan"], "pais": "Argentina", "tipo_ubicacion": "provincia", "es_argentina": true, "es_limite": false}}, {"type": "Feature", "id": "acaf0b57d665ce52", "geometry": {"type": "Point", "coordinates": [-67.255, -34.041]}, "properties": {"id": "acaf0b57d665ce52", "fecha": "16/08/2026", "hora": "06:45:00", "latitud": -34.041, "longitud": -67.255, "profundidad": 9.0, "magnitud": 3.0, "sentido": "No", "ubicacion_original": "MENDOZA", "ubicacion_normalizada": "Mendoza", "provincia": "Mendoza", "provincias": ["Mendoza"], "pais": "Argentina", "tipo_ubicacion": "provincia", "es_argentina": true, "es_limite": false}}, {"type": "Feature", "id": "a23a27a4a366ffea", "geometry": {"type": "Point", "coordinates": [-67.88, -31.61]}, "properties": {"id": "a23a27a4a366ffea", "fecha": "15/08/2026", "hora": "06:40:00", "latitud": -31.61, "longitud": -67.88, "profundidad": 10.0, "magnitud": 3.2, "sentido": "No", "ubicacion_original": "SAN JUAN", "ubicacion_normalizada": "San Juan", "provincia": "San Juan", "provincias": ["San Juan"], "pais": "Argentina", "tipo_ubicacion": "provincia", "es_argentina": true, "es_limite": false}}, {"type": "Feature", "id": "45ae5c54b37ad714", "geometry": {"type": "Point", "coordinates": [-69.307, -31.463]}, "properties": {"id": "45ae5c54b37ad714", "fecha": "03/08/2026", "hora": "09:17:00", "latitud": -31.463, "longitud": -69.307, "profundidad": 113.0, "magnitud": 2.9, "sentido": "No", "ubicacion_original": "SAN JUAN", "ubicacion_normalizada": "San Juan", "provincia": "San Juan", "provincias": ["San Juan"], "pais": "Argentina", "tipo_ubicacion": "provincia", "es_argentina": true, "es_limite": false}}, {"type": "Feature", "id": "b4a35b082fb6c11c", "geometry": {"type": "Point", "coordinates": [-68.367, -31.368]}, "properties": {"id": "b4a35b082fb6c11c", "fecha": "04/08/2026", "hora": "20:54:00", "latitud": -31.368, "longitud": -68.367, "profundidad": 104.0, "magnitud": 2.7, "sentido": "No", "ubicacion_original": "SAN JUAN", "ubicacion_normalizada": "San Juan", "provincia": "San Juan", "provincias": ["San Juan"], "pais": "Argentina", "tipo_ubicacion": "provincia", "es_argentina": true, "es_limite": false}}, {"type": "Feature", "id": "c32ffc4da05ffb1d", "geometry": {"type": "Point", "coordinates": [-68.854, -30.608]}, "properties": {"id": "c32ffc4da05ffb1d", "fecha": "07/08/2026", "hora": "08:29:00", "latitud": -30.608, "longitud": -68.854, "profundidad": 120.0, "magnitud": 2.7, "sentido": "No", "ubicacion_original": "SAN JUAN", "ubicacion_normalizada": "San Juan", "provincia": "San Juan", "provincias": ["San Juan"], "pais": "Argentina", "tipo_ubicacion": "provincia", "es_argentina": true, "es_limite": false}}, {"type": "Feature", "id": "c148ed927fe4c153", "geometry": {"type": "Point", "coordinates": [-66.664, -25.95]}, "properties": {"id": "c148ed927fe4c153", "fecha": "11/08/2026", "hora": "10:49:00", "latitud": -25.95, "longitud": -66.664, "profundidad": 6.0, "magnitud": 3.3, "sentido": "No", "ubicacion_original": "SALTA", "ubicacion_normalizada": "Salta", "provincia": "Salta", "provincias": ["Salta"], "pais": "Argentina", "tipo_ubicacion": "provincia", "es_argentina": true, "es_limite": false}}, {"type": "Feature", "id": "eb8b7177f075705a", "geometry": {"type": "Point", "coordinates": [-67.544, -27.646]}, "properties": {"id": "eb8b7177f075705a", "fecha": "02/08/2026", "hora": "09:23:00", "latitud": -27.646, "longitud": -67.544, "profundidad": 141.0, "magnitud": 2.9, "sentido": "No", "ubicacion_original": "CATAMARCA", "ubicacion_normalizada": "Catamarca", "provincia": "Catamarca", "provincias": ["Catamarca"], "pais": "Argentina", "tipo_ubicacion": "provincia", "es_argentina": true, "es_limite": false}}, {"type": "Feature", "id": "c4980f5243d83ca9", "geometry": {"type": "Point", "coordinates": [-67.567, -28.203]}, "properties": {"id": "c4980f5243d83ca9", "fecha": "01/08/2026", "hora": "19:15:00", "latitud": -28.203, "longitud": -67.567, "profundidad": 129.0, "magnitud": 3.0, "sentido": "No", "ubicacion_original": "CATAMARCA", "ubicacion_normalizada": "Catamarca", "provincia": "Catamarca", "provincias": ["Catamarca"], "pais": "Argentina", "tipo_ubicacion": "provincia", "es_argentina": true, "es_limite": false}}, {"type": "Feature", "id": "60d7f0503cdeedf4", "geometry": {"type": "Point", "coordinates": [-68.988, -32.979]}, "properties": {"id": "60d7f0503cdeedf4", "fecha": "13/08/2026", "hora": "18:40:00", "latitud": -32.979, "longitud": -68.988, "profundidad": 10.0, "magnitud": 2.6, "sentido": "Si", "ubicacion_original": "MENDOZA", "ubicacion_normalizada": "Mendoza", "provincia": "Mendoza", "provincias": ["Mendoza"], "pais": "Argentina", "tipo_ubicacion": "provincia", "es_argentina": true, "es_limite": false}}, {"type": "Feature", "id": "21d7c688013d61a8", "geometry": {"type": "Point", "coordinates": [-66.706, -25.941]}, "properties": {"id": "21d7c688013d61a8", "fecha": "11/08/2026", "hora": "14:51:00", "latitud": -25.941, "longitud": -66.706, "profundidad": 10.0, "magnitud": 3.3, "sentido": "No", "ubicacion_original": "SALTA", "ubicacion_normalizada": "Salta", "provincia": "Salta", "provincias": ["Salta"], "pais": "Argentina", "tipo_ubicacion": "provincia", "es_argentina": true, "es_limite": false}}, {"type": "Feature", "id": "82ba411870162e06", "geometry": {"type": "Point", "coordinates": [-68.33, -28.67]}, "properties": {"id": "82ba411870162e06", "fecha": "31/07/2026", "hora": "09:08:00", "latitud": -28.67, "longitud": -68.33, "profundidad": 120.0, "magnitud": 2.7, "sentido": "No", "ubicacion_original": "LA RIOJA", "ubicacion_normalizada": "La Rioja", "provincia": "La Rioja", "provincias": ["La Rioja"], "pais": "Argentina", "tipo_ubicacion": "provincia", "es_argentina": true, "es_limite": false}}, {"type": "Feature", "id": "ef6fb5a6b5e7efdb", "geometry": {"type": "Point", "coordinates": [-69.354, -31.491]}, "properties": {"id": "ef6fb5a6b5e7efdb", "fecha": "03/08/2026", "hora": "00:59:00", "latitud": -31.491, "longitud": -69.354, "profundidad": 114.0, "magnitud": 2.9, "sentido": "No", "ubicacion_original": "SAN JUAN", "ubicacion_normalizada": "San Juan", "provincia": "San Juan", "provincias": ["San Juan"], "pais": "Argentina", "tipo_ubicacion": "provincia", "es_argentina": true, "es_limite": false}}, {"type": "Feature", "id": "d81322b1bd0ebcc2", "geometry": {"type": "Point", "coordinates": [-66.987, -31.783]}, "properties": {"id": "d81322b1bd0ebcc2", "fecha": "11/08/2026", "hora": "03:28:00", "latitud": -31.783, "longitud": -66.987, "profundidad": 127.0, "magnitud": 2.8, "sentido": "No", "ubicacion_original": "SAN JUAN", "ubicacion_normalizada": "San Juan", "provincia": "San Juan", "provincias": ["San Juan"], "pais": "Argentina", "tipo_ubicacion": "provincia", "es_argentina": true, "es_limite": false}}, {"type": "Feature", "id": "c4298b50059916c7", "geometry": {"type": "Point", "coordinates": [-67.225, -24.238]}, "properties": {"id": "c4298b50059916c7", "fecha": "30/07/2026", "hora": "17:48:00", "latitud": -24.238, "longitud": -67.225, "profundidad": 177.0, "magnitud": 3.6, "sentido": "No", "ubicacion_original": "SALTA", "ubicacion_normalizada": "Salta", "provincia": "Salta", "provincias": ["Salta"], "pais": "Argentina", "tipo_ubicacion": "provincia", "es_argentina": true, "es_limite": false}}, {"type": "Feature", "id": "42f6bc3267bf9f5b", "geometry": {"type": "Point", "coordinates": [-64.539, -30.898]}, "properties": {"id": "42f6bc3267bf9f5b", "fecha": "31/07/2026", "hora": "20:15:00", "latitud": -30.898, "longitud": -64.539, "profundidad": 9.0, "magnitud": 2.4, "sentido": "Si", "ubicacion_original": "CORDOBA", "ubicacion_normalizada": "Córdoba", "provincia": "Córdoba", "provincias": ["Córdoba"], "pais": "Argentina", "tipo_ubicacion": "provincia", "es_argentina": true, "es_limite": false}}, {"type": "Feature", "id": "4af04a6442d8b5e7", "geometry": {"type": "Point", "coordinates": [-69.375, -37.554]}, "properties": {"id": "4af04a6442d8b5e7", "fecha": "12/08/2026", "hora": "13:52:00", "latitud": -37.554, "longitud": -69.375, "profundidad": 5.0, "magnitud": 2.6, "sentido": "No", "ubicacion_original": "NEUQUEN", "ubicacion_normalizada": "Neuquén", "provincia": "Neuquén", "provincias": ["Neuquén"], "pais": "Argentina", "tipo_ubicacion": "provincia", "es_argentina": true, "es_limite": false}}, {"type": "Feature", "id": "80afab499ec01844", "geometry": {"type": "Point", "coordinates": [-68.275, -31.761]}, "properties": {"id": "80afab499ec01844", "fecha": "03/08/2026", "hora": "16:13:00", "latitud": -31.761, "longitud": -68.275, "profundidad": 103.0, "magnitud": 2.9, "sentido": "No", "ubicacion_original": "SAN JUAN", "ubicacion_normalizada": "San Juan", "provincia": "San Juan", "provincias": ["San Juan"], "pais": "Argentina", "tipo_ubicacion": "provincia", "es_argentina": true, "es_limite": false}}, {"type": "Feature", "id": "228d1c6c2ac41ce1", "geometry": {"type": "Point", "coordinates": [-69.346, -32.027]}, "properties": {"id": "228d1c6c2ac41ce1", "fecha": "10/08/2026", "hora": "16:12:00", "latitud": -32.027, "longitud": -69.346, "profundidad": 108.0, "magnitud": 3.1, "sentido": "No", "ubicacion_original": "SAN JUAN", "ubicacion_normalizada": "San Juan", "provincia": "San Juan", "provincias": ["San Juan"], "pais": "Argentina", "tipo_ubicacion": "provincia", "es_argentina": true, "es_limite": false}}, {"type": "Feature", "id": "53745c1482db4659", "geometry": {"type": "Point", "coordinates": [-66.76, -25.683]}, "properties": {"id": "53745c1482db4659", "fecha": "11/08/2026", "hora": "11:05:00", "latitud": -25.683, "longitud": -66.76, "profundidad": 35.0, "magnitud": 2.9, "sentido": "No", "ubicacion_original": "CATAMARCA", "ubicacion_normalizada": "Catamarca", "provincia": "Catamarca", "provincias": ["Catamarca"], "pais": "Argentina", "tipo_ubicacion": "provincia", "es_argentina": true, "es_limite": false}}, {"type": "Feature", "id": "0db5c75e0eeffbbb", "geometry": {"type": "Point", "coordinates": [-67.432, -28.244]}, "properties": {"id": "0db5c75e0eeffbbb", "fecha": "06/08/2026", "hora": "12:00:00", "latitud": -28.244, "longitud": -67.432, "profundidad": 139.0, "magnitud": 2.9, "sentido": "No", "ubicacion_original": "CATAMARCA", "ubicacion_normalizada": "Catamarca", "provincia": "Catamarca", "provincias": ["Catamarca"], "pais": "Argentina", "tipo_ubicacion": "provincia", "es_argentina": true, "es_limite": false}}, {"type": "Feature", "id": "e8b446ddb5e20145", "geometry": {"type": "Point", "coordinates": [-66.905, -23.909]}, "properties": {"id": "e8b446ddb5e20145", "fecha": "16/08/2026", "hora": "01:21:00", "latitud": -23.909, "longitud": -66.905, "profundidad": 182.0, "magnitud": 3.0, "sentido": "No", "ubicacion_original": "JUJUY", "ubicacion_normalizada": "Jujuy", "provincia": "Jujuy", "provincias": ["Jujuy"], "pais": "Argentina", "tipo_ubicacion": "provincia", "es_argentina": true, "es_limite": false}}, {"type": "Feature", "id": "7b22e3dc3e8c004c", "geometry": {"type": "Point", "coordinates": [-67.766, -27.215]}, "properties": {"id": "7b22e3dc3e8c004c", "fecha": "03/08/2026", "hora": "19:18:00", "latitud": -27.215, "longitud": -67.766, "profundidad": 8.0, "magnitud": 2.6, "sentido": "No", "ubicacion_original": "CATAMARCA", "ubicacion_normalizada": "Catamarca", "provincia": "Catamarca", "provincias": ["Catamarca"], "pais": "Argentina", "tipo_ubicacion": "provincia", "es_argentina": true, "es_limite": false}}, {"type": "Feature", "id": "130632447c9875b9", "geometry": {"type": "Point", "coordinates": [-66.772, -23.855]}, "properties": {"id": "130632447c9875b9", "fecha": "09/08/2026", "hora": "12:55:00", "latitud": -23.855, "longitud": -66.772, "profundidad": 165.0, "magnitud": 3.4, "sentido": "No", "ubicacion_original": "JUJUY", "ubicacion_normalizada": "Jujuy", "provincia": "Jujuy", "provincias": ["Jujuy"], "pais": "Argentina", "tipo_ubicacion": "provincia", "es_argentina": true, "es_limite": false}}, {"type": "Feature", "id": "49a9ed61f37695f9", "geometry": {"type": "Point", "coordinates": [-65.865, -28.358]}, "properties": {"id": "49a9ed61f37695f9", "fecha": "11/08/2026", "hora": "15:56:00", "latitud": -28.358, "longitud": -65.865, "profundidad": 9.0, "magnitud": 2.5, "sentido": "Si", "ubicacion_original": "CATAMARCA", "ubicacion_normalizada": "Catamarca", "provincia": "Catamarca", "provincias": ["Catamarca"], "pais": "Argentina", "tipo_ubicacion": "provincia", "es_argentina": true, "es_limite": false}}, {"type": "Feature", "id": "d9923ffb39bf951b", "geometry": {"type": "Point", "coordinates": [-66.731, -26.025]}, "properties": {"id": "d9923ffb39bf951b", "fecha": "12/08/2026", "hora": "04:21:00", "latitud": -26.025, "longitud": -66.731, "profundidad": 10.0, "magnitud": 3.8, "sentido": "No", "ubicacion_original": "CATAMARCA", "ubicacion_normalizada": "Catamarca", "provincia": "Catamarca", "provincias": ["Catamarca"], "pais": "Argentina", "tipo_ubicacion": "provincia", "es_argentina": true, "es_limite": false}}, {"type": "Feature", "id": "c1d98ae14f46610d", "geometry": {"type": "Point", "coordinates": [-68.634, -31.131]}, "properties": {"id": "c1d98ae14f46610d", "fecha": "10/08/2026", "hora": "12:10:00", "latitud": -31.131, "longitud": -68.634, "profundidad": 112.0, "magnitud": 3.1, "sentido": "No", "ubicacion_original": "SAN JUAN", "ubicacion_normalizada": "San Juan", "provincia": "San Juan", "provincias": ["San Juan"], "pais": "Argentina", "tipo_ubicacion": "provincia", "es_argentina": true, "es_limite": false}}, {"type": "Feature", "id": "b89f85b554610fd8", "geometry": {"type": "Point", "coordinates": [-69.465, -31.773]}, "properties": {"id": "b89f85b554610fd8", "fecha": "11/08/2026", "hora": "12:44:00", "latitud": -31.773, "longitud": -69.465, "profundidad": 109.0, "magnitud": 2.5, "sentido": "No", "ubicacion_original": "SAN JUAN", "ubicacion_normalizada": "San Juan", "provincia": "San Juan", "provincias": ["San Juan"], "pais": "Argentina", "tipo_ubicacion": "provincia", "es_argentina": true, "es_limite": false}}, {"type": "Feature", "id": "3ada5f0c76581559", "geometry": {"type": "Point", "coordinates": [-67.543, -29.512]}, "properties": {"id": "3ada5f0c76581559", "fecha": "06/08/2026", "hora": "09:15:00", "latitud": -29.512, "longitud": -67.543, "profundidad": 119.0, "magnitud": 2.6, "sentido": "No", "ubicacion_original": "LA RIOJA", "ubicacion_normalizada": "La Rioja", "provincia": "La Rioja", "provincias": ["La Rioja"], "pais": "Argentina", "tipo_ubicacion": "provincia", "es_argentina": true, "es_limite": false}}, {"type": "Feature", "id": "91aaabde15f7684f", "geometry": {"type": "Point", "coordinates": [-64.609, -31.346]}, "properties": {"id": "91aaabde15f7684f", "fecha": "05/08/2026", "hora": "14:27:00", "latitud": -31.346, "longitud": -64.609, "profundidad": 10.0, "magnitud": 2.1, "sentido": "Si", "ubicacion_original": "CORDOBA", "ubicacion_normalizada": "Córdoba", "provincia": "Córdoba", "provincias": ["Córdoba"], "pais": "Argentina", "tipo_ubicacion": "provincia", "es_argentina": true, "es_limite": false}}, {"type": "Feature", "id": "0e151c405dbd516c", "geometry": {"type": "Point", "coordinates": [-67.711, -31.822]}, "properties": {"id": "0e151c405dbd516c", "fecha": "16/08/2026", "hora": "16:18:00", "latitud": -31.822, "longitud": -67.711, "profundidad": 10.0, "magnitud": 2.6, "sentido": "No", "ubicacion_original": "SAN JUAN", "ubicacion_normalizada": "San Juan", "provincia": "San Juan", "provincias": ["San Juan"], "pais": "Argentina", "tipo_ubicacion": "provincia", "es_argentina": true, "es_limite": false}}, {"type": "Feature", "id": "3b5a89c6a2f6951b", "geometry": {"type": "Point", "coordinates": [-69.39, -29.38]}, "properties": {"id": "3b5a89c6a2f6951b", "fecha": "16/08/2026", "hora": "07:12:00", "latitud": -29.38, "longitud": -69.39, "profundidad": 107.0, "magnitud": 3.0, "sentido": "No", "ubicacion_original": "SAN JUAN", "ubicacion_normalizada": "San Juan", "provincia": "San Juan", "provincias": ["San Juan"], "pais": "Argentina", "tipo_ubicacion": "provincia", "es_argentina": true, "es_limite": false}}, {"type": "Feature", "id": "2379eb318b86ed22", "geometry": {"type": "Point", "coordinates": [-67.55, -28.636]}, "properties": {"id": "2379eb318b86ed22", "fecha": "12/08/2026", "hora": "17:02:00", "latitud": -28.636, "longitud": -67.55, "profundidad": 128.0, "magnitud": 2.7, "sentido": "No", "ubicacion_original": "LA RIOJA", "ubicacion_normalizada": "La Rioja", "provincia": "La Rioja", "provincias": ["La Rioja"], "pais": "Argentina", "tipo_ubicacion": "provincia", "es_argentina": true, "es_limite": false}}, {"type": "Feature", "id": "6af3ef1c7faad2dc", "geometry": {"type": "Point", "coordinates": [-67.206, -28.144]}, "properties": {"id": "6af3ef1c7faad2dc", "fecha": "09/08/2026", "hora": "18:49:00", "latitud": -28.144, "longitud": -67.206, "profundidad": 147.0, "magnitud": 2.5, "sentido": "No", "ubicacion_original": "CATAMARCA", "ubicacion_normalizada": "Catamarca", "provincia": "Catamarca", "provincias": ["Catamarca"], "pais": "Argentina", "tipo_ubicacion": "provincia", "es_argentina": true, "es_limite": false}}, {"type": "Feature", "id": "e4595906602e6858", "geometry": {"type": "Point", "coordinates": [-68.473, -28.79]}, "properties": {"id": "e4595906602e6858", "fecha": "03/08/2026", "hora": "16:47:00", "latitud": -28.79, "longitud": -68.473, "profundidad": 18.0, "magnitud": 2.5, "sentido": "No", "ubicacion_original": "LA RIOJA", "ubicacion_normalizada": "La Rioja", "provincia": "La Rioja", "provincias": ["La Rioja"], "pais": "Argentina", "tipo_ubicacion": "provincia", "es_argentina": true, "es_limite": false}}, {"type": "Feature", "id": "8896a26c9c39b2b3", "geometry": {"type": "Point", "coordinates": [-69.358, -32.202]}, "properties": {"id": "8896a26c9c39b2b3", "fecha": "08/08/2026", "hora": "07:56:00", "latitud": -32.202, "longitud": -69.358, "profundidad": 116.0, "magnitud": 3.0, "sentido": "No", "ubicacion_original": "MENDOZA", "ubicacion_normalizada": "Mendoza", "provincia": "Mendoza", "provincias": ["Mendoza"], "pais": "Argentina", "tipo_ubicacion": "provincia", "es_argentina": true, "es_limite": false}}, {"type": "Feature", "id": "d443bc5cab42d9af", "geometry": {"type": "Point", "coordinates": [-68.43, -33.314]}, "properties": {"id": "d443bc5cab42d9af", "fecha": "04/08/2026", "hora": "19:26:00", "latitud": -33.314, "longitud": -68.43, "profundidad": 11.0, "magnitud": 2.5, "sentido": "No", "ubicacion_original": "MENDOZA", "ubicacion_normalizada": "Mendoza", "provincia": "Mendoza", "provincias": ["Mendoza"], "pais": "Argentina", "tipo_ubicacion": "provincia", "es_argentina": true, "es_limite": false}}, {"type": "Feature", "id": "b04a1793bdfb514e", "geometry": {"type": "Point", "coordinates": [-69.97, -32.652]}, "properties": {"id": "b04a1793bdfb514e", "fecha": "04/08/2026", "hora": "17:29:00", "latitud": -32.652, "longitud": -69.97, "profundidad": 127.0, "magnitud": 3.3, "sentido": "No", "ubicacion_original": "MENDOZA", "ubicacion_normalizada": "Mendoza", "provincia": "Mendoza", "provincias": ["Mendoza"], "pais": "Argentina", "tipo_ubicacion": "provincia", "es_argentina": true, "es_limite": false}}, {"type": "Feature", "id": "b0c6efa5ac697c2f", "geometry": {"type": "Point", "coordinates": [-70.353, -31.737]}, "properties": {"id": "b0c6efa5ac697c2f", "fecha": "03/08/2026", "hora": "04:59:00", "latitud": -31.737, "longitud": -70.353, "profundidad": 100.0, "magnitud": 2.7, "sentido": "No", "ubicacion_original": "SAN JUAN", "ubicacion_normalizada": "San Juan", "provincia": "San Juan", "provincias": ["San Juan"], "pais": "Argentina", "tipo_ubicacion": "provincia", "es_argentina": true, "es_limite": false}}, {"type": "Feature", "id": "a0a828b6cedc64b2", "geometry": {"type": "Point", "coordinates": [-66.53, -26.24]}, "properties": {"id": "a0a828b6cedc64b2", "fecha": "11/08/2026", "hora": "07:16:00", "latitud": -26.24, "longitud": -66.53, "profundidad": 10.0, "magnitud": 4.2, "sentido": "No", "ubicacion_original": "SALTA", "ubicacion_normalizada": "Salta", "provincia": "Salta", "provincias": ["Salta"], "pais": "Argentina", "tipo_ubicacion": "provincia", "es_argentina": true, "es_limite": false}}, {"type": "Feature", "id": "7f3d5cacb73272ce", "geometry": {"type": "Point", "coordinates": [-68.393, -29.232]}, "properties": {"id": "7f3d5cacb73272ce", "fecha": "11/08/2026", "hora": "02:13:00", "latitud": -29.232, "longitud": -68.393, "profundidad": 111.0, "magnitud": 2.7, "sentido": "No", "ubicacion_original": "LA RIOJA", "ubicacion_normalizada": "La Rioja", "provincia": "La Rioja", "provincias": ["La Rioja"], "pais": "Argentina", "tipo_ubicacion": "provincia", "es_argentina": true, "es_limite": false}}, {"type": "Feature", "id": "fbe06cd7bb825c23", "geometry": {"type": "Point", "coordinates": [-68.591, -31.336]}, "properties": {"id": "fbe06cd7bb825c23", "fecha": "29/07/2026", "hora": "14:31:00", "latitud": -31.336, "longitud": -68.591, "profundidad": 104.0, "magnitud": 2.9, "sentido": "No", "ubicacion_original": "SAN JUAN", "ubicacion_normalizada": "San Juan", "provincia": "San Juan", "provincias": ["San Juan"], "pais": "Argentina", "tipo_ubicacion": "provincia", "es_argentina": true, "es_limite": false}}, {"type": "Feature", "id": "8fb5a2dba8c5d63c", "geometry": {"type": "Point", "coordinates": [-67.102, -31.657]}, "properties": {"id": "8fb5a2dba8c5d63c", "fecha": "14/08/2026", "hora": "12:51:00", "latitud": -31.657, "longitud": -67.102, "profundidad": 122.0, "magnitud": 2.5, "sentido": "No", "ubicacion_original": "SAN JUAN", "ubicacion_normalizada": "San Juan", "provincia": "San Juan", "provincias": ["San Juan"], "pais": "Argentina", "tipo_ubicacion": "provincia", "es_argentina": true, "es_limite": false}}, {"type": "Feature", "id": "9a4277b0b1bbd55d", "geometry": {"type": "Point", "coordinates": [-64.982, -31.218]}, "properties": {"id": "9a4277b0b1bbd55d", "fecha": "15/08/2026", "hora": "17:30:00", "latitud": -31.218, "longitud": -64.982, "profundidad": 19.0, "magnitud": 2.5, "sentido": "Si", "ubicacion_original": "CORDOBA", "ubicacion_normalizada": "Córdoba", "provincia": "Córdoba", "provincias": ["Córdoba"], "pais": "Argentina", "tipo_ubicacion": "provincia", "es_argentina": true, "es_limite": false}}, {"type": "Feature", "id": "024e9e5fe1c8fec7", "geometry": {"type": "Point", "coordinates": [-66.823, -24.017]}, "properties": {"id": "024e9e5fe1c8fec7", "fecha": "06/08/2026", "hora": "13:38:00", "latitud": -24.017, "longitud": -66.823, "profundidad": 220.0, "magnitud": 3.4, "sentido": "No", "ubicacion_original": "JUJUY", "ubicacion_normalizada": "Jujuy", "provincia": "Jujuy", "provincias": ["Jujuy"], "pais": "Argentina", "tipo_ubicacion": "provincia", "es_argentina": true, "es_limite": false}}, {"type": "Feature", "id": "194e435d46991e15", "geometry": {"type": "Point", "coordinates": [-69.88, -32.343]}, "properties": {"id": "194e435d46991e15", "fecha": "29/07/2026", "hora": "22:28:00", "latitud": -32.343, "longitud": -69.88, "profundidad": 100.0, "magnitud": 2.5, "sentido": "No", "ubicacion_original": "SAN JUAN", "ubicacion_normalizada": "San Juan", "provincia": "San Juan", "provincias": ["San Juan"], "pais": "Argentina", "tipo_ubicacion": "provincia", "es_argentina": true, "es_limite": false}}, {"type": "Feature", "id": "81386c68945fae68", "geometry": {"type": "Point", "coordinates": [-66.86, -29.19]}, "properties": {"id": "81386c68945fae68", "fecha": "15/08/2026", "hora": "07:12:00", "latitud": -29.19, "longitud": -66.86, "profundidad": 10.0, "magnitud": 3.4, "sentido": "No", "ubicacion_original": "LA RIOJA", "ubicacion_normalizada": "La Rioja", "provincia": "La Rioja", "provincias": ["La Rioja"], "pais": "Argentina", "tipo_ubicacion": "provincia", "es_argentina": true, "es_limite": false}}, {"type": "Feature", "id": "1fde95d270b10437", "geometry": {"type": "Point", "coordinates": [-67.25, -33.81]}, "properties": {"id": "1fde95d270b10437", "fecha": "16/08/2026", "hora": "06:45:00", "latitud": -33.81, "longitud": -67.25, "profundidad": 10.0, "magnitud": 3.5, "sentido": "No", "ubicacion_original": "MENDOZA", "ubicacion_normalizada": "Mendoza", "provincia": "Mendoza", "provincias": ["Mendoza"], "pais": "Argentina", "tipo_ubicacion": "provincia", "es_argentina": true, "es_limite": false}}, {"type": "Feature", "id": "0a8a62e23856afe1", "geometry": {"type": "Point", "coordinates": [-68.984, -32.52]}, "properties": {"id": "0a8a62e23856afe1", "fecha": "04/08/2026", "hora": "05:41:00", "latitud": -32.52, "longitud": -68.984, "profundidad": 6.0, "magnitud": 2.5, "sentido": "No", "ubicacion_original": "MENDOZA", "ubicacion_normalizada": "Mendoza", "provincia": "Mendoza", "provincias": ["Mendoza"], "pais": "Argentina", "tipo_ubicacion": "provincia", "es_argentina": true, "es_limite": false}}, {"type": "Feature", "id": "9d71b067c299c1c1", "geometry": {"type": "Point", "coordinates": [-68.558, -31.417]}, "properties": {"id": "9d71b067c299c1c1", "fecha": "10/08/2026", "hora": "11:28:00", "latitud": -31.417, "longitud": -68.558, "profundidad": 105.0, "magnitud": 2.6, "sentido": "No", "ubicacion_original": "SAN JUAN", "ubicacion_normalizada": "San Juan", "provincia": "San Juan", "provincias": ["San Juan"], "pais": "Argentina", "tipo_ubicacion": "provincia", "es_argentina": true, "es_limite": false}}, {"type": "Feature", "id": "75e7abf0799bb0d7", "geometry": {"type": "Point", "coordinates": [-68.006, -24.452]}, "properties": {"id": "75e7abf0799bb0d7", "fecha": "27/10/2023", "hora": "04:36:34", "latitud": -24.452, "longitud": -68.006, "profundidad": 135.0, "magnitud": 3.6, "sentido": "No", "ubicacion_original": "SALTA", "ubicacion_normalizada": "Salta", "provincia": "Salta", "provincias": ["Salta"], "pais": "Argentina", "tipo_ubicacion": "provincia", "es_argentina": true, "es_limite": false}}, {"type": "Feature", "id": "2a721097e1801ffe", "geometry": {"type": "Point", "coordinates": [-66.775, -23.908]}, "properties": {"id": "2a721097e1801ffe", "fecha": "06/08/2015", "hora": "21:20:37", "latitud": -23.908, "longitud": -66.775, "profundidad": 226.0, "magnitud": 3.3, "sentido": "No", "ubicacion_original": "JUJUY", "ubicacion_normalizada": "Jujuy", "provincia": "Jujuy", "provincias": ["Jujuy"], "pais": "Argentina", "tipo_ubicacion": "provincia", "es_argentina": true, "es_limite": false}}, {"type": "Feature", "id": "41679716a3bef380", "geometry": {"type": "Point", "coordinates": [-65.037, -31.115]}, "properties": {"id": "41679716a3bef380", "fecha": "15/10/2025", "hora": "05:59:42", "latitud": -31.115, "longitud": -65.037, "profundidad": 27.0, "magnitud": 2.8, "sentido": "Si", "ubicacion_original": "CORDOBA", "ubicacion_normalizada": "Córdoba", "provincia": "Córdoba", "provincias": ["Córdoba"], "pais": "Argentina", "tipo_ubicacion": "provincia", "es_argentina": true, "es_limite": false}}, {"type": "Feature", "id": "1b126e4052e372c2", "geometry": {"type": "Point", "coordinates": [-69.375, -31.487]}, "properties": {"id": "1b126e4052e372c2", "fecha": "31/08/2020", "hora": "22:25:30", "latitud": -31.487, "longitud": -69.375, "profundidad": 114.0, "magnitud": 2.6, "sentido": "No", "ubicacion_original": "SAN JUAN", "ubicacion_normalizada": "San Juan", "provincia": "San Juan", "provincias": ["San Juan"], "pais": "Argentina", "tipo_ubicacion": "provincia", "es_argentina": true, "es_limite": false}}, {"type": "Feature", "id": "15a4646324453c43", "geometry": {"type": "Point", "coordinates": [-69.45, -31.709]}, "properties": {"id": "15a4646324453c43", "fecha": "06/06/2020", "hora": "18:34:03", "latitud": -31.709, "longitud": -69.45, "profundidad": 107.0, "magnitud": 2.6, "sentido": "No", "ubicacion_original": "SAN JUAN", "ubicacion_normalizada": "San Juan", "provincia": "San Juan", "provincias": ["San Juan"], "pais": "Argentina", "tipo_ubicacion": "provincia", "es_argentina": true, "es_limite": false}}, {"type": "Feature", "id": "46e4cccc4c36f238", "geometry": {"type": "Point", "coordinates": [-66.854, -22.902]}, "properties": {"id": "46e4cccc4c36f238", "fecha": "14/07/2020", "hora": "22:44:28", "latitud": -22.902, "longitud": -66.854, "profundidad": 207.0, "magnitud": 3.4, "sentido": "No", "ubicacion_original": "JUJUY", "ubicacion_normalizada": "Jujuy", "provincia": "Jujuy", "provincias": ["Jujuy"], "pais": "Argentina", "tipo_ubicacion": "provincia", "es_argentina": true, "es_limite": false}}, {"type": "Feature", "id": "28f1bf1a9cb7bcb4", "geometry": {"type": "Point", "coordinates": [-69.177, -31.342]}, "properties": {"id": "28f1bf1a9cb7bcb4", "fecha": "15/04/2020", "hora": "10:39:50", "latitud": -31.342, "longitud": -69.177, "profundidad": 117.0, "magnitud": 2.5, "sentido": "No", "ubicacion_original": "SAN JUAN", "ubicacion_normalizada": "San Juan", "provincia": "San Juan", "provincias": ["San Juan"], "pais": "Argentina", "tipo_ubicacion": "provincia", "es_argentina": true, "es_limite": false}}, {"type": "Feature", "id": "952e8c7c69ccf6d2", "geometry": {"type": "Point", "coordinates": [-66.507, -27.294]}, "properties": {"id": "952e8c7c69ccf6d2", "fecha": "25/05/2012", "hora": "17:14:02", "latitud": -27.294, "longitud": -66.507, "profundidad": 14.0, "magnitud": 2.5, "sentido": "No", "ubicacion_original": "CATAMARCA", "ubicacion_normalizada": "Catamarca", "provincia": "Catamarca", "provincias": ["Catamarca"], "pais": "Argentina", "tipo_ubicacion": "provincia", "es_argentina": true, "es_limite": false}}, {"type": "Feature", "id": "07b311159dc505df", "geometry": {"type": "Point", "coordinates": [-68.716, -31.611]}, "properties": {"id": "07b311159dc505df", "fecha": "02/10/2025", "hora": "11:20:41", "latitud": -31.611, "longitud": -68.716, "profundidad": 103.0, "magnitud": 2.5, "sentido": "No", "ubicacion_original": "SAN JUAN", "ubicacion_normalizada": "San Juan", "provincia": "San Juan", "provincias": ["San Juan"], "pais": "Argentina", "tipo_ubicacion": "provincia", "es_argentina": true, "es_limite": false}}, {"type": "Feature", "id": "6d256bdd458f1eb8", "geometry": {"type": "Point", "coordinates": [-67.583, -28.462]}, "properties": {"id": "6d256bdd458f1eb8", "fecha": "16/07/2022", "hora": "06:29:59", "latitud": -28.462, "longitud": -67.583, "profundidad": 137.0, "magnitud": 2.6, "sentido": "No", "ubicacion_original": "LA RIOJA", "ubicacion_normalizada": "La Rioja", "provincia": "La Rioja", "provincias": ["La Rioja"], "pais": "Argentina", "tipo_ubicacion": "provincia", "es_argentina": true, "es_limite": false}}, {"type": "Feature", "id": "f5a7f373f0d657cd", "geometry": {"type": "Point", "coordinates": [-67.006, -31.735]}, "properties": {"id": "f5a7f373f0d657cd", "fecha": "13/10/2022", "hora": "06:19:53", "latitud": -31.735, "longitud": -67.006, "profundidad": 129.0, "magnitud": 2.5, "sentido": "No", "ubicacion_original": "SAN JUAN", "ubicacion_normalizada": "San Juan", "provincia": "San Juan", "provincias": ["San Juan"], "pais": "Argentina", "tipo_ubicacion": "provincia", "es_argentina": true, "es_limite": false}}, {"type": "Feature", "id": "c3a3adbb11130782", "geometry": {"type": "Point", "coordinates": [-68.377, -31.813]}, "properties": {"id": "c3a3adbb11130782", "fecha": "16/08/2020", "hora": "06:01:11", "latitud": -31.813, "longitud": -68.377, "profundidad": 99.0, "magnitud": 2.8, "sentido": "No", "ubicacion_original": "SAN JUAN", "ubicacion_normalizada": "San Juan", "provincia": "San Juan", "provincias": ["San Juan"], "pais": "Argentina", "tipo_ubicacion": "provincia", "es_argentina": true, "es_limite": false}}, {"type": "Feature", "id": "123119a480ac18db", "geometry": {"type": "Point", "coordinates": [-70.487, -31.275]}, "properties": {"id": "123119a480ac18db", "fecha": "27/12/2014", "hora": "05:22:26", "latitud": -31.275, "longitud": -70.487, "profundidad": 116.0, "magnitud": 2.5, "sentido": "No", "ubicacion_original": "SAN JUAN", "ubicacion_normalizada": "San Juan", "provincia": "San Juan", "provincias": ["San Juan"], "pais": "Argentina", "tipo_ubicacion": "provincia", "es_argentina": true, "es_limite": false}}, {"type": "Feature", "id": "806561914deb6f2d", "geometry": {"type": "Point", "coordinates": [-67.138, -24.352]}, "properties": {"id": "806561914deb6f2d", "fecha": "03/11/2023", "hora": "11:31:48", "latitud": -24.352, "longitud": -67.138, "profundidad": 191.0, "magnitud": 3.3, "sentido": "No", "ubicacion_original": "SALTA", "ubicacion_normalizada": "Salta", "provincia": "Salta", "provincias": ["Salta"], "pais": "Argentina", "tipo_ubicacion": "provincia", "es_argentina": true, "es_limite": false}}, {"type": "Feature", "id": "283dd5272738ba85", "geometry": {"type": "Point", "coordinates": [-66.114, -26.2]}, "properties": {"id": "283dd5272738ba85", "fecha": "05/09/2015", "hora": "08:58:51", "latitud": -26.2, "longitud": -66.114, "profundidad": 10.0, "magnitud": 2.5, "sentido": "No", "ubicacion_original": "CATAMARCA", "ubicacion_normalizada": "Catamarca", "provincia": "Catamarca", "provincias": ["Catamarca"], "pais": "Argentina", "tipo_ubicacion": "provincia", "es_argentina": true, "es_limite": false}}, {"type": "Feature", "id": "be6d70137cab8009", "geometry": {"type": "Point", "coordinates": [-69.233, -38.573]}, "properties": {"id": "be6d70137cab8009", "fecha": "05/07/2023", "hora": "08:39:31", "latitud": -38.573, "longitud": -69.233, "profundidad": 23.0, "magnitud": 2.6, "sentido": "No", "ubicacion_original": "NEUQUEN", "ubicacion_normalizada": "Neuquén", "provincia": "Neuquén", "provincias": ["Neuquén"], "pais": "Argentina", "tipo_ubicacion": "provincia", "es_argentina": true, "es_limite": false}}, {"type": "Feature", "id": "8f23c3e366f138db", "geometry": {"type": "Point", "coordinates": [-69.285, -31.513]}, "properties": {"id": "8f23c3e366f138db", "fecha": "22/07/2025", "hora": "01:23:00", "latitud": -31.513, "longitud": -69.285, "profundidad": 114.0, "magnitud": 2.5, "sentido": "No", "ubicacion_original": "SAN JUAN", "ubicacion_normalizada": "San Juan", "provincia": "San Juan", "provincias": ["San Juan"], "pais": "Argentina", "tipo_ubicacion": "provincia", "es_argentina": true, "es_limite": false}}, {"type": "Feature", "id": "e5448b50699baf3d", "geometry": {"type": "Point", "coordinates": [-69.46, -32.252]}, "properties": {"id": "e5448b50699baf3d", "fecha": "19/06/2022", "hora": "22:13:21", "latitud": -32.252, "longitud": -69.46, "profundidad": 113.0, "magnitud": 2.9, "sentido": "No", "ubicacion_original": "MENDOZA", "ubicacion_normalizada": "Mendoza", "provincia": "Mendoza", "provincias": ["Mendoza"], "pais": "Argentina", "tipo_ubicacion": "provincia", "es_argentina": true, "es_limite": false}}, {"type": "Feature", "id": "62d5d9904e0d323f", "geometry": {"type": "Point", "coordinates": [-68.915, -31.823]}, "properties": {"id": "62d5d9904e0d323f", "fecha": "27/01/2021", "hora": "07:10:02", "latitud": -31.823, "longitud": -68.915, "profundidad": 10.0, "magnitud": 3.0, "sentido": "No", "ubicacion_original": "SAN JUAN", "ubicacion_normalizada": "San Juan", "provincia": "San Juan", "provincias": ["San Juan"], "pais": "Argentina", "tipo_ubicacion": "provincia", "es_argentina": true, "es_limite": false}}, {"type": "Feature", "id": "be90d522d415d9c3", "geometry": {"type": "Point", "coordinates": [-68.796, -33.523]}, "properties": {"id": "be90d522d415d9c3", "fecha": "18/12/2011", "hora": "07:41:09", "latitud": -33.523, "longitud": -68.796, "profundidad": 18.0, "magnitud": 3.6, "sentido": "No", "ubicacion_original": "MENDOZA", "ubicacion_normalizada": "Mendoza", "provincia": "Mendoza", "provincias": ["Mendoza"], "pais": "Argentina", "tipo_ubicacion": "provincia", "es_argentina": true, "es_limite": false}}, {"type": "Feature", "id": "e779a2f0bc35059e", "geometry": {"type": "Point", "coordinates": [-66.005, -22.523]}, "properties": {"id": "e779a2f0bc35059e", "fecha": "13/09/2022", "hora": "13:01:17", "latitud": -22.523, "longitud": -66.005, "profundidad": 268.0, "magnitud": 3.4, "sentido": "No", "ubicacion_original": "JUJUY", "ubicacion_normalizada": "Jujuy", "provincia": "Jujuy", "provincias": ["Jujuy"], "pais": "Argentina", "tipo_ubicacion": "provincia", "es_argentina": true, "es_limite": false}}, {"type": "Feature", "id": "504bf7c9d41f6146", "geometry": {"type": "Point", "coordinates": [-68.704, -31.318]}, "properties": {"id": "504bf7c9d41f6146", "fecha": "14/07/2019", "hora": "03:12:35", "latitud": -31.318, "longitud": -68.704, "profundidad": 109.0, "magnitud": 3.6, "sentido": "No", "ubicacion_original": "SAN JUAN", "ubicacion_normalizada": "San Juan", "provincia": "San Juan", "provincias": ["San Juan"], "pais": "Argentina", "tipo_ubicacion": "provincia", "es_argentina": true, "es_limite": false}}, {"type": "Feature", "id": "bdd2209873af271f", "geometry": {"type": "Point", "coordinates": [-69.602, -34.294]}, "properties": {"id": "bdd2209873af271f", "fecha": "10/07/2012", "hora": "02:33:06", "latitud": -34.294, "longitud": -69.602, "profundidad": 16.0, "magnitud": 2.9, "sentido": "No", "ubicacion_original": "MENDOZA", "ubicacion_normalizada": "Mendoza", "provincia": "Mendoza", "provincias": ["Mendoza"], "pais": "Argentina", "tipo_ubicacion": "provincia", "es_argentina": true, "es_limite": false}}, {"type": "Feature", "id": "bbabf59332625628", "geometry": {"type": "Point", "coordinates": [-68.623, -31.33]}, "properties": {"id": "bbabf59332625628", "fecha": "15/11/2011", "hora": "14:18:49", "latitud": -31.33, "longitud": -68.623, "profundidad": 110.0, "magnitud": 3.3, "sentido": "No", "ubicacion_original": "SAN JUAN", "ubicacion_normalizada": "San Juan", "provincia": "San Juan", "provincias": ["San Juan"], "pais": "Argentina", "tipo_ubicacion": "provincia", "es_argentina": true, "es_limite": false}}, {"type": "Feature", "id": "3442120c640e2f6b", "geometry": {"type": "Point", "coordinates": [-66.291, -31.305]}, "properties": {"id": "3442120c640e2f6b", "fecha": "02/10/2020", "hora": "15:39:19", "latitud": -31.305, "longitud": -66.291, "profundidad": 115.0, "magnitud": 2.7, "sentido": "No", "ubicacion_original": "LA RIOJA", "ubicacion_normalizada": "La Rioja", "provincia": "La Rioja", "provincias": ["La Rioja"], "pais": "Argentina", "tipo_ubicacion": "provincia", "es_argentina": true, "es_limite": false}}, {"type": "Feature", "id": "597b3359d2ec7189", "geometry": {"type": "Point", "coordinates": [-70.146, -32.126]}, "properties": {"id": "597b3359d2ec7189", "fecha": "17/08/2019", "hora": "03:45:03", "latitud": -32.126, "longitud": -70.146, "profundidad": 137.0, "magnitud": 2.7, "sentido": "No", "ubicacion_original": "SAN JUAN", "ubicacion_normalizada": "San Juan", "provincia": "San Juan", "provincias": ["San Juan"], "pais": "Argentina", "tipo_ubicacion": "provincia", "es_argentina": true, "es_limite": false}}, {"type": "Feature", "id": "2fcb0c7dc7332db1", "geometry": {"type": "Point", "coordinates": [-67.546, -28.219]}, "properties": {"id": "2fcb0c7dc7332db1", "fecha": "04/10/2022", "hora": "19:07:38", "latitud": -28.219, "longitud": -67.546, "profundidad": 136.0, "magnitud": 2.9, "sentido": "No", "ubicacion_original": "CATAMARCA", "ubicacion_normalizada": "Catamarca", "provincia": "Catamarca", "provincias": ["Catamarca"], "pais": "Argentina", "tipo_ubicacion": "provincia", "es_argentina": true, "es_limite": false}}, {"type": "Feature", "id": "bfba8095f39d2271", "geometry": {"type": "Point", "coordinates": [-66.247, -27.331]}, "properties": {"id": "bfba8095f39d2271", "fecha": "21/08/2013", "hora": "18:54:06", "latitud": -27.331, "longitud": -66.247, "profundidad": 148.0, "magnitud": 3.0, "sentido": "No", "ubicacion_original": "CATAMARCA", "ubicacion_normalizada": "Catamarca", "provincia": "Catamarca", "provincias": ["Catamarca"], "pais": "Argentina", "tipo_ubicacion": "provincia", "es_argentina": true, "es_limite": false}}, {"type": "Feature", "id": "743cedc9fbd246c6", "geometry": {"type": "Point", "coordinates": [-68.81, -31.551]}, "properties": {"id": "743cedc9fbd246c6", "fecha": "27/05/2015", "hora": "14:46:20", "latitud": -31.551, "longitud": -68.81, "profundidad": 107.0, "magnitud": 2.6, "sentido": "No", "ubicacion_original": "SAN JUAN", "ubicacion_normalizada": "San Juan", "provincia": "San Juan", "provincias": ["San Juan"], "pais": "Argentina", "tipo_ubicacion": "provincia", "es_argentina": true, "es_limite": false}}, {"type": "Feature", "id": "9c57ebf8dddcc5c2", "geometry": {"type": "Point", "coordinates": [-68.942, -31.577]}, "properties": {"id": "9c57ebf8dddcc5c2", "fecha": "15/08/2025", "hora": "21:08:00", "latitud": -31.577, "longitud": -68.942, "profundidad": 101.0, "magnitud": 3.2, "sentido": "No", "ubicacion_original": "SAN JUAN", "ubicacion_normalizada": "San Juan", "provincia": "San Juan", "provincias": ["San Juan"], "pais": "Argentina", "tipo_ubicacion": "provincia", "es_argentina": true, "es_limite": false}}, {"type": "Feature", "id": "b7a23ab174f4a85a", "geometry": {"type": "Point", "coordinates": [-67.52, -28.776]}, "properties": {"id": "b7a23ab174f4a85a", "fecha": "13/12/2023", "hora": "11:19:57", "latitud": -28.776, "longitud": -67.52, "profundidad": 128.0, "magnitud": 2.9, "sentido": "No", "ubicacion_original": "LA RIOJA", "ubicacion_normalizada": "La Rioja", "provincia": "La Rioja", "provincias": ["La Rioja"], "pais": "Argentina", "tipo_ubicacion": "provincia", "es_argentina": true, "es_limite": false}}, {"type": "Feature", "id": "ae4be30a694c2365", "geometry": {"type": "Point", "coordinates": [-68.76, -31.266]}, "properties": {"id": "ae4be30a694c2365", "fecha": "02/04/2021", "hora": "14:32:18", "latitud": -31.266, "longitud": -68.76, "profundidad": 105.0, "magnitud": 2.7, "sentido": "No", "ubicacion_original": "SAN JUAN", "ubicacion_normalizada": "San Juan", "provincia": "San Juan", "provincias": ["San Juan"], "pais": "Argentina", "tipo_ubicacion": "provincia", "es_argentina": true, "es_limite": false}}, {"type": "Feature", "id": "c1fd57ceffba321e", "geometry": {"type": "Point", "coordinates": [-66.882, -31.556]}, "properties": {"id": "c1fd57ceffba321e", "fecha": "17/03/2018", "hora": "20:55:53", "latitud": -31.556, "longitud": -66.882, "profundidad": 124.0, "magnitud": 3.0, "sentido": "No", "ubicacion_original": "LA RIOJA", "ubicacion_normalizada": "La Rioja", "provincia": "La Rioja", "provincias": ["La Rioja"], "pais": "Argentina", "tipo_ubicacion": "provincia", "es_argentina": true, "es_limite": false}}, {"type": "Feature", "id": "eff47a55ef7c29eb", "geometry": {"type": "Point", "coordinates": [-69.113, -31.744]}, "properties": {"id": "eff47a55ef7c29eb", "fecha": "26/04/2020", "hora": "04:49:30", "latitud": -31.744, "longitud": -69.113, "profundidad": 114.0, "magnitud": 2.8, "sentido": "No", "ubicacion_original": "SAN JUAN", "ubicacion_normalizada": "San Juan", "provincia": "San Juan", "provincias": ["San Juan"], "pais": "Argentina", "tipo_ubicacion": "provincia", "es_argentina": true, "es_limite": false}}, {"type": "Feature", "id": "a7b757ac17b0b091", "geometry": {"type": "Point", "coordinates": [-68.665, -31.454]}, "properties": {"id": "a7b757ac17b0b091", "fecha": "15/05/2021", "hora": "00:31:42", "latitud": -31.454, "longitud": -68.665, "profundidad": 104.0, "magnitud": 2.5, "sentido": "No", "ubicacion_original": "SAN JUAN", "ubicacion_normalizada": "San Juan", "provincia": "San Juan", "provincias": ["San Juan"], "pais": "Argentina", "tipo_ubicacion": "provincia", "es_argentina": true, "es_limite": false}}, {"type": "Feature", "id": "5ace5a5713be3d83", "geometry": {"type": "Point", "coordinates": [-70.851, -36.971]}, "properties": {"id": "5ace5a5713be3d83", "fecha": "03/05/2025", "hora": "01:58:00", "latitud": -36.971, "longitud": -70.851, "profundidad": 160.0, "magnitud": 2.9, "sentido": "No", "ubicacion_original": "NEUQUEN", "ubicacion_normalizada": "Neuquén", "provincia": "Neuquén", "provincias": ["Neuquén"], "pais": "Argentina", "tipo_ubicacion": "provincia", "es_argentina": true, "es_limite": false}}, {"type": "Feature", "id": "bfe6caf561b51922", "geometry": {"type": "Point", "coordinates": [-68.558, -31.161]}, "properties": {"id": "bfe6caf561b51922", "fecha": "23/03/2021", "hora": "17:23:55", "latitud": -31.161, "longitud": -68.558, "profundidad": 95.0, "magnitud": 2.6, "sentido": "No", "ubicacion_original": "SAN JUAN", "ubicacion_normalizada": "San Juan", "provincia": "San Juan", "provincias": ["San Juan"], "pais": "Argentina", "tipo_ubicacion": "provincia", "es_argentina": true, "es_limite": false}}, {"type": "Feature", "id": "02e96bc57715455d", "geometry": {"type": "Point", "coordinates": [-67.523, -28.317]}, "properties": {"id": "02e96bc57715455d", "fecha": "29/05/2024", "hora": "13:30:45", "latitud": -28.317, "longitud": -67.523, "profundidad": 129.0, "magnitud": 3.0, "sentido": "No", "ubicacion_original": "CATAMARCA", "ubicacion_normalizada": "Catamarca", "provincia": "Catamarca", "provincias": ["Catamarca"], "pais": "Argentina", "tipo_ubicacion": "provincia", "es_argentina": true, "es_limite": false}}, {"type": "Feature", "id": "9ac212d2debb130f", "geometry": {"type": "Point", "coordinates": [-67.683, -28.582]}, "properties": {"id": "9ac212d2debb130f", "fecha": "12/05/2016", "hora": "11:56:35", "latitud": -28.582, "longitud": -67.683, "profundidad": 122.0, "magnitud": 2.8, "sentido": "No", "ubicacion_original": "LA RIOJA", "ubicacion_normalizada": "La Rioja", "provincia": "La Rioja", "provincias": ["La Rioja"], "pais": "Argentina", "tipo_ubicacion": "provincia", "es_argentina": true, "es_limite": false}}, {"type": "Feature", "id": "3bb5e43decd7b6b2", "geometry": {"type": "Point", "coordinates": [-68.929, -31.22]}, "properties": {"id": "3bb5e43decd7b6b2", "fecha": "25/08/2020", "hora": "07:31:16", "latitud": -31.22, "longitud": -68.929, "profundidad": 105.0, "magnitud": 3.1, "sentido": "No", "ubicacion_original": "SAN JUAN", "ubicacion_normalizada": "San Juan", "provincia": "San Juan", "provincias": ["San Juan"], "pais": "Argentina", "tipo_ubicacion": "provincia", "es_argentina": true, "es_limite": false}}, {"type": "Feature", "id": "cd38215902ca2f1c", "geometry": {"type": "Point", "coordinates": [-69.87, -31.952]}, "properties": {"id": "cd38215902ca2f1c", "fecha": "15/12/2016", "hora": "06:51:53", "latitud": -31.952, "longitud": -69.87, "profundidad": 121.0, "magnitud": 2.8, "sentido": "No", "ubicacion_original": "SAN JUAN", "ubicacion_normalizada": "San Juan", "provincia": "San Juan", "provincias": ["San Juan"], "pais": "Argentina", "tipo_ubicacion": "provincia", "es_argentina": true, "es_limite": false}}, {"type": "Feature", "id": "26239225597802ad", "geometry": {"type": "Point", "coordinates": [-67.643, -33.118]}, "properties": {"id": "26239225597802ad", "fecha": "28/10/2015", "hora": "15:26:51", "latitud": -33.118, "longitud": -67.643, "profundidad": 195.0, "magnitud": 2.9, "sentido": "No", "ubicacion_original": "MENDOZA", "ubicacion_normalizada": "Mendoza", "provincia": "Mendoza", "provincias": ["Mendoza"], "pais": "Argentina", "tipo_ubicacion": "provincia", "es_argentina": true, "es_limite": false}}, {"type": "Feature", "id": "e6a996229d5d1647", "geometry": {"type": "Point", "coordinates": [-66.813, -26.256]}, "properties": {"id": "e6a996229d5d1647", "fecha": "02/05/2018", "hora": "02:04:45", "latitud": -26.256, "longitud": -66.813, "profundidad": 36.0, "magnitud": 2.8, "sentido": "No", "ubicacion_original": "CATAMARCA", "ubicacion_normalizada": "Catamarca", "provincia": "Catamarca", "provincias": ["Catamarca"], "pais": "Argentina", "tipo_ubicacion": "provincia", "es_argentina": true, "es_limite": false}}, {"type": "Feature", "id": "693dccadd716e527", "geometry": {"type": "Point", "coordinates": [-64.807, -31.329]}, "properties": {"id": "693dccadd716e527", "fecha": "24/03/2013", "hora": "05:57:21", "latitud": -31.329, "longitud": -64.807, "profundidad": 64.0, "magnitud": 3.4, "sentido": "No", "ubicacion_original": "CORDOBA", "ubicacion_normalizada": "Córdoba", "provincia": "Córdoba", "provincias": ["Córdoba"], "pais": "Argentina", "tipo_ubicacion": "provincia", "es_argentina": true, "es_limite": false}}, {"type": "Feature", "id": "5c6a15400473eab6", "geometry": {"type": "Point", "coordinates": [-69.41, -31.406]}, "properties": {"id": "5c6a15400473eab6", "fecha": "06/04/2012", "hora": "01:05:44", "latitud": -31.406, "longitud": -69.41, "profundidad": 100.0, "magnitud": 2.7, "sentido": "No", "ubicacion_original": "SAN JUAN", "ubicacion_normalizada": "San Juan", "provincia": "San Juan", "provincias": ["San Juan"], "pais": "Argentina", "tipo_ubicacion": "provincia", "es_argentina": true, "es_limite": false}}, {"type": "Feature", "id": "67c30f1faa5d9d2e", "geometry": {"type": "Point", "coordinates": [-67.456, -28.41]}, "properties": {"id": "67c30f1faa5d9d2e", "fecha": "27/03/2012", "hora": "17:24:33", "latitud": -28.41, "longitud": -67.456, "profundidad": 142.0, "magnitud": 2.6, "sentido": "No", "ubicacion_original": "LA RIOJA", "ubicacion_normalizada": "La Rioja", "provincia": "La Rioja", "provincias": ["La Rioja"], "pais": "Argentina", "tipo_ubicacion": "provincia", "es_argentina": true, "es_limite": false}}, {"type": "Feature", "id": "4185de5122fa43ed", "geometry": {"type": "Point", "coordinates": [-65.109, -31.35]}, "properties": {"id": "4185de5122fa43ed", "fecha": "28/12/2012", "hora": "15:00:16", "latitud": -31.35, "longitud": -65.109, "profundidad": 5.0, "magnitud": 3.0, "sentido": "No", "ubicacion_original": "CORDOBA", "ubicacion_normalizada": "Córdoba", "provincia": "Córdoba", "provincias": ["Córdoba"], "pais": "Argentina", "tipo_ubicacion": "provincia", "es_argentina": true, "es_limite": false}}, {"type": "Feature", "id": "7ef0a92989a7a5e8", "geometry": {"type": "Point", "coordinates": [-68.961, -31.207]}, "properties": {"id": "7ef0a92989a7a5e8", "fecha": "16/02/2019", "hora": "21:10:47", "latitud": -31.207, "longitud": -68.961, "profundidad": 100.0, "magnitud": 2.5, "sentido": "No", "ubicacion_original": "SAN JUAN", "ubicacion_normalizada": "San Juan", "provincia": "San Juan", "provincias": ["San Juan"], "pais": "Argentina", "tipo_ubicacion": "provincia", "es_argentina": true, "es_limite": false}}, {"type": "Feature", "id": "6ee0b33b6ff681d2", "geometry": {"type": "Point", "coordinates": [-68.259, -31.581]}, "properties": {"id": "6ee0b33b6ff681d2", "fecha": "08/09/2017", "hora": "18:51:07", "latitud": -31.581, "longitud": -68.259, "profundidad": 93.0, "magnitud": 2.6, "sentido": "No", "ubicacion_original": "SAN JUAN", "ubicacion_normalizada": "San Juan", "provincia": "San Juan", "provincias": ["San Juan"], "pais": "Argentina", "tipo_ubicacion": "provincia", "es_argentina": true, "es_limite": false}}]}